0,1,2,3,4,5,alpha,id
0.9794569,0.004592355,0.0033511866,0.012108117,0.00032466356,0.0001668037,0.0,0
0.96590495,0.007543566,0.013173524,0.012891045,0.00029345514,0.00019345869,0.0,1
0.94887996,0.023080418,0.025026439,0.0025569345,0.00028801133,0.00016822066,0.0,2
0.7543239,0.16773708,0.073147014,0.0036697837,0.00054115726,0.0005810668,0.0,3
0.9424864,0.041935198,0.012151504,0.0032118317,0.00012742708,8.759839e-05,0.0,4
0.9444387,0.009372649,0.0022468932,0.04241923,0.0009845693,0.0005379866,0.0,5
0.946761,0.007111675,0.0401543,0.0054342984,0.0003574315,0.00018128466,0.0,6
0.88063204,0.09699144,0.019200983,0.0026430052,0.0002947546,0.00023780651,0.0,7
0.57969016,0.29839292,0.11957606,0.0011874582,0.00047482373,0.0006785752,0.0,8
0.56480473,0.18384802,0.24790072,0.0018364683,0.00072954886,0.0008805689,0.0,9
0.62367535,0.022990197,0.3492647,0.0022572798,0.0010787919,0.00073376327,0.0,10
0.94065416,0.035362966,0.015298968,0.00788058,0.00045839607,0.00034491363,0.0,11
0.89402485,0.008169993,0.09461713,0.0012305491,0.0012492677,0.00070830114,0.0,12
0.5299637,0.31989586,0.1483982,0.0011243562,0.0002584735,0.0003594571,0.0,13
0.9026333,0.080039695,0.015392494,0.0015163239,0.00022843781,0.00018970529,0.0,14
0.7670108,0.18425627,0.044297703,0.0035883195,0.0004403854,0.00040651826,0.0,15
0.6094263,0.26118487,0.1261018,0.0020565493,0.00055437523,0.0006760476,0.0,16
0.6815088,0.001792879,0.0031308327,0.3096786,0.0024520403,0.0014368293,0.0,17
0.8872514,0.0916566,0.018317107,0.0022865823,0.0002751756,0.00021318659,0.0,18
0.9579892,0.002754589,0.0015736026,0.037235327,0.00027850026,0.00016881013,0.0,19
0.9130965,0.063912526,0.0122537445,0.010078942,0.00035256462,0.00030574383,0.0,20
0.8153031,0.1411909,0.040210586,0.0022607655,0.0005107428,0.0005239355,0.0,21
0.94904745,0.017135788,0.004282498,0.028592229,0.0005704105,0.00037159453,0.0,22
0.82417774,0.0024512783,0.007947083,0.16148181,0.0026070536,0.0013350595,0.0,23
0.7809017,0.014021756,0.20133905,0.0016558509,0.0012130293,0.00086861494,0.0,24
0.9681021,0.012429101,0.0055778627,0.013598443,0.000182191,0.00011030466,0.0,25
0.8083957,0.15462473,0.033421323,0.0026077519,0.0004617246,0.0004887482,0.0,26
0.5602861,0.34304345,0.094996125,0.0010258377,0.00029201654,0.00035648685,0.0,27
0.966676,0.018426206,0.011587073,0.0030662983,0.00015179967,9.270632e-05,0.0,28
0.91416895,0.037736088,0.045547303,0.0018750228,0.00038515197,0.00028739247,0.0,29
0.90965855,0.013480252,0.004360761,0.07131324,0.0006778514,0.00050934276,0.0,30
0.95057845,0.00873657,0.005295251,0.03374047,0.0010301034,0.0006191108,0.0,31
0.9353256,0.012636761,0.03228792,0.018060258,0.0010593222,0.0006301274,0.0,32
0.8886022,0.095556825,0.010215982,0.0051266807,0.0002758593,0.00022242806,0.0,33
0.5422398,0.00035278435,0.0011678088,0.45279586,0.0021506546,0.0012930166,0.0,34
0.8806982,0.009561077,0.017542457,0.09079371,0.0008318874,0.0005725898,0.0,35
0.86094713,0.08796343,0.047861986,0.0023725769,0.00044776447,0.00040719443,0.0,36
0.52019125,0.279082,0.19897951,0.00080404215,0.0003892325,0.0005540278,0.0,37
0.95684385,0.009534574,0.031680766,0.0015255467,0.00025941042,0.0001559024,0.0,38
0.9060137,0.04745659,0.042187866,0.003661448,0.0003922893,0.00028801413,0.0,39
0.5900128,0.3516475,0.05626432,0.0012546665,0.00033603463,0.0004846918,0.0,40
0.9192846,0.06339643,0.01440899,0.002598697,0.00018046613,0.00013079953,0.0,41
0.79698145,0.066423826,0.1305175,0.0040599154,0.0011003582,0.0009169385,0.0,42
0.9750862,0.010744835,0.012659958,0.0012685318,0.00015166859,8.879201e-05,0.0,43
0.87048376,0.06543029,0.059289645,0.00386367,0.00051843975,0.0004142155,0.0,44
0.5060897,0.44663116,0.046746887,0.0002942554,8.819315e-05,0.00014980875,0.0,45
0.97068864,0.00642696,0.009158108,0.013152446,0.00040071926,0.00017314598,0.0,46
0.95062315,0.03492472,0.0076912255,0.006416285,0.0001869393,0.00015770881,0.0,47
0.95571065,0.03076804,0.0071819252,0.0059730583,0.00022247931,0.0001439677,0.0,48
0.86978066,0.10261607,0.022626912,0.0041857865,0.00039412422,0.0003964139,0.0,49
0.50806373,0.39745325,0.093684174,0.00043821742,0.00013294737,0.00022758763,0.0,50
0.5401822,0.39137605,0.06722222,0.0006250882,0.0002582987,0.00033615125,0.0,51
0.775995,0.20004076,0.02224076,0.0011889898,0.00027970583,0.00025475502,0.0,52
0.7355917,0.22627082,0.035758734,0.0015148289,0.0004233263,0.00044059622,0.0,53
0.882514,0.09663819,0.018485352,0.0018521434,0.000262087,0.0002482992,0.0,54
0.9379215,0.026952883,0.022423986,0.01150388,0.0007017012,0.00049601827,0.0,55
0.94320744,0.030100448,0.009729724,0.015974937,0.0006007189,0.0003866447,0.0,56
0.9505126,0.01831787,0.02810582,0.0024594578,0.00038857304,0.00021573319,0.0,57
0.5421233,0.00041569798,0.0018985347,0.45371243,0.001161052,0.0006889737,0.0,58
0.8414358,0.1333999,0.0228846,0.0016998217,0.00028921454,0.00029068833,0.0,59
0.51238984,0.32068744,0.16560405,0.0006346919,0.0002775195,0.0004064222,0.0,60
0.9737569,0.014226602,0.008285149,0.0034763748,0.0001623485,9.264395e-05,0.0,61
0.8636019,0.09617048,0.034088235,0.0056065097,0.00029309295,0.00023971146,0.0,62
0.9467515,0.0041299504,0.0128089,0.035483163,0.00053742464,0.00028910785,0.0,63
0.76595163,0.17079791,0.058021884,0.0044537866,0.000406568,0.00036823694,0.0,64
0.55097383,0.37406033,0.072845675,0.0014223141,0.00030277245,0.0003950942,0.0,65
0.651205,0.2612621,0.085106745,0.0012969924,0.00050844153,0.0006207115,0.0,66
0.980526,0.0046032444,0.0034536428,0.011069406,0.00023101328,0.000116791714,0.0,67
0.7953639,0.17567909,0.025470028,0.0026998515,0.0004303164,0.0003567997,0.0,68
0.9674244,0.008410111,0.003020396,0.020459458,0.0004299056,0.00025582284,0.0,69
0.9306967,0.055035222,0.010903014,0.002949714,0.00023416823,0.00018116168,0.0,70
0.7937541,0.16542855,0.038041458,0.0023214791,0.0002520445,0.00020232321,0.0,71
0.90523803,0.004515914,0.08523748,0.003973881,0.00065717584,0.00037749537,0.0,72
0.9653393,0.020816475,0.008657343,0.0049656546,0.00012602496,9.521127e-05,0.0,73
0.7730148,0.17765944,0.046328723,0.0023269046,0.00032632196,0.0003439068,0.0,74
0.84119064,0.1295965,0.026021246,0.002547516,0.00032157885,0.00032254198,0.0,75
0.52189726,0.32394186,0.15245841,0.00082271575,0.00035077182,0.0005290101,0.0,76
0.7103957,0.023636527,0.26221776,0.0019694306,0.00092057994,0.00085996446,0.0,77
0.84006,0.041637514,0.10724971,0.009489464,0.00088943756,0.0006738465,0.0,78
0.9075005,0.073820956,0.015487381,0.0028393024,0.00019118837,0.00016066902,0.0,79
0.9190886,0.0217352,0.030043446,0.027374266,0.0010385254,0.000719975,0.0,80
0.8010161,0.0886072,0.10328975,0.0056171017,0.00076399284,0.00070586347,0.0,81
0.5486411,0.064328685,0.3843297,0.0009003194,0.0010086234,0.00079149846,0.0,82
0.8891929,0.09309873,0.011832452,0.0052449517,0.00034195257,0.0002891057,0.0,83
0.9289095,0.013608762,0.0036385264,0.05243432,0.00086797756,0.00054094626,0.0,84
0.5916527,0.23269564,0.17242089,0.0018355923,0.0006459948,0.0007491762,0.0,85
0.9759618,0.0136861,0.002541744,0.0075576655,0.00014590079,0.00010682004,0.0,86
0.97810555,0.007192844,0.0105885565,0.0038642187,0.00016140331,8.7442044e-05,0.0,87
0.7981824,0.0057948073,0.004026732,0.18716535,0.0029975479,0.0018331801,0.0,88
0.9499872,0.006454584,0.0018786503,0.040610213,0.00066940655,0.00040001486,0.0,89
0.7251186,0.22564752,0.046517927,0.0020700523,0.0003225092,0.00032339068,0.0,90
0.97126466,0.013795297,0.007974418,0.0066188034,0.00021103639,0.00013582715,0.0,91
0.88889194,0.066090606,0.04039707,0.004012082,0.0003329175,0.0002753888,0.0,92
0.971563,0.0024348919,0.005048542,0.020318331,0.0004371772,0.00019808832,0.0,93
0.6342206,0.2971856,0.06646093,0.0014872942,0.0003222085,0.00032338384,0.0,94
0.89296174,0.08337915,0.011848249,0.010775428,0.00055580743,0.00047964772,0.0,95
0.9366604,0.048395608,0.0128925815,0.001763008,0.0001657038,0.00012271278,0.0,96
0.59420353,0.33532435,0.06854505,0.0011153563,0.00035645394,0.00045524488,0.0,97
0.87725484,0.063211724,0.056351423,0.0025421514,0.0003550927,0.0002848281,0.0,98
0.8709231,0.1130097,0.014505656,0.0012203888,0.0001778628,0.00016330654,0.0,99
0.5596757,0.0022399346,0.0018876758,0.4148247,0.012336634,0.00903537,0.1,0
0.94615245,0.003739127,0.024273809,0.023516992,0.0015477581,0.0007699238,0.1,1
0.92091477,0.024621218,0.0150088705,0.035414938,0.002262668,0.0017776082,0.1,2
0.7101662,0.19393687,0.09302874,0.0015676318,0.0006675066,0.00063301646,0.1,3
0.59729046,0.00857507,0.018783387,0.27207792,0.056300357,0.046972778,0.1,4
0.8592654,0.0069935033,0.003553365,0.12678355,0.0020884247,0.0013157479,0.1,5
0.8124501,0.0030197562,0.04158216,0.13329366,0.0062644724,0.0033898707,0.1,6
0.92251813,0.013257874,0.039039712,0.021664726,0.0021405313,0.0013791141,0.1,7
0.9132935,0.021372046,0.0056638494,0.056707505,0.0017180205,0.0012450482,0.1,8
0.931703,0.011137362,0.037773658,0.016784592,0.0016954934,0.000905904,0.1,9
0.5939249,0.2259384,0.17704387,0.0020816606,0.00048894744,0.00052226376,0.1,10
0.6486458,0.3054217,0.04394075,0.0012533342,0.0003682805,0.0003700874,0.1,11
0.810074,0.0026246642,0.0016604161,0.18355526,0.0013480131,0.00073765387,0.1,12
0.8086582,0.0083903335,0.0070343264,0.16755874,0.0052930797,0.0030653342,0.1,13
0.54992944,0.00038589182,0.0009900432,0.4451076,0.0022235487,0.0013634562,0.1,14
0.8168782,0.02448714,0.15209919,0.0037727638,0.0015328377,0.0012298559,0.1,15
0.9226577,0.04976448,0.016777324,0.009492525,0.0007363564,0.00057160994,0.1,16
0.89108133,0.0058444478,0.001608987,0.099540524,0.0012302422,0.0006944929,0.1,17
0.79049325,0.1286636,0.077484116,0.0021223533,0.0006695297,0.0005671387,0.1,18
0.69293284,0.105348565,0.19735795,0.002596249,0.00092957454,0.00083472836,0.1,19
0.9364066,0.04900686,0.008870644,0.0050330665,0.00038823957,0.0002945761,0.1,20
0.86072683,0.005870125,0.08239743,0.03609679,0.008821917,0.006086938,0.1,21
0.8225666,0.0033439782,0.001103953,0.16958089,0.0021740082,0.0012306316,0.1,22
0.50646865,0.4106337,0.08217836,0.00033639194,0.00013628209,0.0002466206,0.1,23
0.91563547,0.00710463,0.0077822004,0.06668872,0.0016972432,0.001091691,0.1,24
0.9305712,0.0320404,0.019335866,0.014973899,0.0017968481,0.0012817107,0.1,25
0.9064456,0.01409143,0.0048026755,0.0708399,0.0021867245,0.0016336525,0.1,26
0.82786715,0.0028156575,0.0049286936,0.15702833,0.004844215,0.0025159912,0.1,27
0.51039726,0.43528983,0.05353485,0.00043422618,0.0001240731,0.00021974216,0.1,28
0.71571,0.0030255744,0.008626437,0.26773587,0.0030397389,0.0018624002,0.1,29
0.96412855,0.014872569,0.01781492,0.00277954,0.00026024747,0.0001441445,0.1,30
0.9085072,0.020023359,0.03516388,0.03197761,0.0026504102,0.0016774947,0.1,31
0.8836324,0.029521262,0.0476599,0.036597148,0.001444335,0.0011448888,0.1,32
0.9281312,0.00815262,0.004932514,0.057254974,0.0008976152,0.00063098985,0.1,33
0.8170711,0.090653665,0.08721655,0.0033270572,0.00092196325,0.00080962875,0.1,34
0.9413849,0.008063754,0.007449267,0.040263046,0.0017118806,0.001127113,0.1,35
0.907362,0.018782366,0.06376469,0.008687077,0.00082290045,0.00058101024,0.1,36
0.9546151,0.028445542,0.008710198,0.007219117,0.000587514,0.00042252368,0.1,37
0.9209456,0.0053287763,0.04426052,0.026113724,0.0021566672,0.0011947221,0.1,38
0.9493751,0.02889163,0.007843009,0.012156922,0.0009952744,0.0007380764,0.1,39
0.8379533,0.0045440793,0.0072214166,0.14521024,0.003175054,0.001895914,0.1,40
0.9429498,0.024639128,0.018845987,0.011831829,0.001008329,0.000725078,0.1,41
0.8244047,0.050522197,0.11007424,0.01007124,0.002397458,0.00253012,0.1,42
0.8568814,0.0072644562,0.07903135,0.04726307,0.0055965986,0.0039632088,0.1,43
0.94177914,0.01519423,0.030603372,0.011304339,0.0007128448,0.00040614646,0.1,44
0.8205822,0.01081056,0.05233063,0.095191285,0.012066546,0.009018699,0.1,45
0.9628465,0.016430913,0.00899833,0.011020432,0.00042770506,0.00027610708,0.1,46
0.8276855,0.0049622036,0.122493885,0.03416709,0.0067342743,0.0039571086,0.1,47
0.95764554,0.014349918,0.0143607175,0.012815299,0.0005312871,0.00029728428,0.1,48
0.63386637,0.0073036766,0.0075815264,0.3215175,0.017329304,0.01240162,0.1,49
0.89317095,0.009792419,0.0038982735,0.09012438,0.0018880415,0.0011259117,0.1,50
0.68424255,0.25310954,0.059274595,0.0024161527,0.00045449228,0.0005025924,0.1,51
0.6440809,0.19221437,0.16064937,0.0014080629,0.00083694374,0.00081031624,0.1,52
0.9541446,0.0039635017,0.0055594384,0.035130765,0.00081061746,0.0003910678,0.1,53
0.78010017,0.0028546944,0.013124313,0.18713626,0.01051016,0.006274404,0.1,54
0.89073455,0.009594324,0.014110551,0.08068198,0.003020675,0.0018579268,0.1,55
0.8960916,0.007862146,0.011675202,0.08110198,0.0019701144,0.0012990109,0.1,56
0.9795578,0.012505038,0.004458,0.0032274425,0.000154156,9.75859e-05,0.1,57
0.89799964,0.0064346874,0.0050127367,0.086759254,0.002323056,0.0014706526,0.1,58
0.85970163,0.09486468,0.03965308,0.004736179,0.0006027593,0.00044170677,0.1,59
0.8239274,0.008869759,0.0064281286,0.15774983,0.0018488583,0.0011760136,0.1,60
0.659115,0.19159877,0.14468296,0.0026884738,0.0009860464,0.00092875626,0.1,61
0.96715796,0.020497065,0.010399656,0.0015061715,0.00029074558,0.00014843672,0.1,62
0.9246533,0.00808255,0.04294131,0.023106778,0.00075574435,0.00046036206,0.1,63
0.8440423,0.09703546,0.056431726,0.0013560735,0.00057264447,0.0005617596,0.1,64
0.9346026,0.0066233515,0.028950658,0.027128784,0.0017441924,0.000950416,0.1,65
0.808504,0.006130698,0.0072814035,0.16683349,0.0066941967,0.0045562526,0.1,66
0.81826186,0.0067677163,0.0068374537,0.16086365,0.004174024,0.0030953004,0.1,67
0.9508493,0.014798269,0.030758966,0.0024877102,0.00070380943,0.0004019717,0.1,68
0.8557893,0.08548143,0.049898192,0.005783309,0.0017068792,0.0013408342,0.1,69
0.7429396,0.009883484,0.015253478,0.22634797,0.0031422223,0.0024332704,0.1,70
0.89463186,0.0371221,0.061637167,0.0054805195,0.0006570234,0.00047132236,0.1,71
0.9062096,0.033468917,0.016252216,0.038679693,0.0030426416,0.0023469054,0.1,72
0.8250896,0.064360194,0.10585479,0.0027686853,0.0011418648,0.0007849023,0.1,73
0.92680967,0.05515772,0.014652472,0.0027543085,0.00035916406,0.0002666874,0.1,74
0.95374537,0.032857887,0.003243915,0.009245138,0.00054196327,0.00036574033,0.1,75
0.78302467,0.005011573,0.1369679,0.06192291,0.0076549957,0.0054179253,0.1,76
0.7891172,0.13608353,0.07015485,0.0028766918,0.00085228425,0.0009153971,0.1,77
0.6839979,0.06763398,0.23995356,0.0038658984,0.0022832146,0.002265391,0.1,78
0.9761493,0.012345152,0.0057761245,0.005183108,0.00035960242,0.00018663798,0.1,79
0.94805574,0.006554063,0.010806489,0.032268018,0.0015893329,0.00072642596,0.1,80
0.9269465,0.009860328,0.010134285,0.04899153,0.0025453086,0.0015219919,0.1,81
0.582018,0.31032282,0.1051881,0.0010839624,0.0006277594,0.00075938815,0.1,82
0.5481037,0.38459155,0.06593079,0.0006672665,0.0003254134,0.00038121056,0.1,83
0.9699862,0.025011921,0.0033836393,0.0013900199,0.00013408116,9.410321e-05,0.1,84
0.9738649,0.0034077514,0.0014837079,0.020379672,0.0005783058,0.00028574487,0.1,85
0.8559493,0.0062660184,0.009422827,0.12119621,0.004616516,0.0025491333,0.1,86
0.6481935,0.004506159,0.2951087,0.03607557,0.009548842,0.0065671164,0.1,87
0.8176764,0.0041071894,0.058569334,0.11121728,0.005364292,0.003065467,0.1,88
0.9157784,0.009127892,0.019268656,0.047953166,0.0047603,0.0031115864,0.1,89
0.82144433,0.07608407,0.09803314,0.0030491904,0.0008038623,0.0005854454,0.1,90
0.9452678,0.029247656,0.008816768,0.014412383,0.0012692934,0.0009861739,0.1,91
0.91434395,0.021940455,0.0299713,0.028063564,0.003047929,0.0026329122,0.1,92
0.95964134,0.022170069,0.013374654,0.003914715,0.00056692015,0.00033236828,0.1,93
0.7226716,0.0886079,0.1848923,0.0022750057,0.0008413516,0.0007117876,0.1,94
0.98098826,0.006824554,0.0055707563,0.0056025325,0.00063012104,0.00038368124,0.1,95
0.88397324,0.107051715,0.0064187697,0.0020619982,0.00027404036,0.00022018084,0.1,96
0.8850366,0.0062196776,0.002049996,0.10415955,0.0016085888,0.00092559814,0.1,97
0.8747972,0.011533859,0.009799702,0.09179136,0.0075204503,0.0045573306,0.1,98
0.77280354,0.16326037,0.060831357,0.0020318334,0.0005878931,0.00048493085,0.1,99
0.92604256,0.05254145,0.017746491,0.0030644587,0.000355519,0.0002495015,0.2,0
0.90005976,0.036721136,0.032965947,0.0241187,0.0033681768,0.0027662972,0.2,1
0.9066645,0.06562596,0.023886286,0.003264487,0.00030363468,0.00025516216,0.2,2
0.9164908,0.0076453965,0.013122231,0.056232356,0.0040379786,0.0024711958,0.2,3
0.8396875,0.04661162,0.108989626,0.0034259423,0.00074476347,0.00054054416,0.2,4
0.90557015,0.008899177,0.011099351,0.06695148,0.0046931743,0.0027867071,0.2,5
0.7599437,0.07108795,0.16548647,0.0017904708,0.0010037279,0.0006876275,0.2,6
0.9037094,0.007304858,0.0021921513,0.08427589,0.001605304,0.0009123857,0.2,7
0.9812709,0.006253834,0.0016695514,0.010478463,0.00020794623,0.00011932034,0.2,8
0.73897576,0.0023364204,0.02992521,0.22150841,0.004527448,0.0027266433,0.2,9
0.8146229,0.0017786319,0.021914143,0.15565889,0.0040272637,0.001998218,0.2,10
0.9793018,0.0041996986,0.0020610697,0.013964975,0.0003097337,0.0001626606,0.2,11
0.612692,0.0040810467,0.0024940404,0.36879742,0.007273211,0.0046622823,0.2,12
0.88492984,0.00558077,0.002346524,0.10479281,0.0014431736,0.0009068492,0.2,13
0.8660468,0.065621845,0.04290202,0.020352673,0.0025742892,0.0025024472,0.2,14
0.95078933,0.0118630165,0.006490882,0.029224362,0.00094018976,0.00069212087,0.2,15
0.8783988,0.013375149,0.004374129,0.09944435,0.0026172032,0.0017904037,0.2,16
0.75554776,0.006179022,0.016116193,0.16866547,0.030014591,0.023476943,0.2,17
0.72324073,0.15582049,0.11643609,0.0032283082,0.0006478079,0.00062656705,0.2,18
0.9629206,0.0072784577,0.015000464,0.013194466,0.0010281841,0.00057779835,0.2,19
0.8992765,0.05646535,0.041485302,0.0018908238,0.00045903356,0.00042308212,0.2,20
0.8654748,0.10925643,0.017687542,0.0066439603,0.000474994,0.00046220244,0.2,21
0.9759402,0.006358087,0.005043679,0.012121227,0.0003307733,0.00020598329,0.2,22
0.9103284,0.02087944,0.057223067,0.009199238,0.0014366021,0.0009332746,0.2,23
0.57314754,0.3453677,0.07927903,0.0012747261,0.00040337004,0.0005276408,0.2,24
0.7995565,0.02721303,0.021671634,0.1174384,0.019848706,0.014271778,0.2,25
0.7997511,0.15679437,0.04001178,0.002206846,0.00064788596,0.000588036,0.2,26
0.6511425,0.0026606815,0.0031839448,0.33604267,0.0042969724,0.0026732543,0.2,27
0.9358983,0.036052067,0.018922713,0.008372127,0.0004448578,0.0003097806,0.2,28
0.9709163,0.019909333,0.0044975714,0.0042943363,0.00022333475,0.00015909673,0.2,29
0.9544847,0.023800477,0.01101666,0.009689174,0.0005760155,0.0004329755,0.2,30
0.81428665,0.0056502586,0.0067396094,0.16135998,0.0075064027,0.004457138,0.2,31
0.89438915,0.011851529,0.017061332,0.065188766,0.006854814,0.004654426,0.2,32
0.9441498,0.013952763,0.023045022,0.016688958,0.0014332075,0.00073016406,0.2,33
0.8156042,0.046670325,0.13247475,0.0040628808,0.0006856343,0.00050212187,0.2,34
0.8622272,0.100558825,0.03168035,0.004486116,0.00053598656,0.0005115445,0.2,35
0.5466404,0.1614417,0.2891023,0.0011303263,0.00083494803,0.00085036515,0.2,36
0.7521527,0.008464353,0.00816496,0.21853551,0.007373913,0.005308587,0.2,37
0.5486788,0.0014948557,0.0023788263,0.43781313,0.005924432,0.0037099507,0.2,38
0.8937063,0.061058138,0.02983225,0.012250023,0.0015954928,0.0015577443,0.2,39
0.8348551,0.0048461207,0.022746798,0.12881328,0.0052311677,0.00350756,0.2,40
0.8429121,0.006564511,0.0064017153,0.13870187,0.003351675,0.0020681524,0.2,41
0.6547176,0.0016157381,0.0016919649,0.33871895,0.0020122856,0.0012434038,0.2,42
0.8247752,0.0051272074,0.0069694677,0.1575208,0.0035312122,0.0020760496,0.2,43
0.89277685,0.019712847,0.061923195,0.02110128,0.0027291747,0.0017566822,0.2,44
0.8999032,0.005885244,0.005848756,0.08626676,0.0012912474,0.0008048127,0.2,45
0.87933975,0.07002729,0.04416313,0.0051151947,0.0007346664,0.0006199566,0.2,46
0.5863105,0.2181905,0.19257304,0.0015971108,0.0006456607,0.0006831199,0.2,47
0.51477224,0.45378584,0.030821472,0.00035718415,0.00010007977,0.00016316837,0.2,48
0.963156,0.028984608,0.0043707606,0.0030933984,0.0002340499,0.00016114807,0.2,49
0.9286851,0.0060268906,0.010546877,0.05157771,0.0020144212,0.0011489532,0.2,50
0.8600061,0.0115228025,0.06311929,0.054762952,0.00624117,0.004347599,0.2,51
0.9306195,0.043257624,0.0057664025,0.019403016,0.00051486975,0.000438612,0.2,52
0.51123714,0.43047976,0.057493832,0.00045894278,0.00012271533,0.00020758068,0.2,53
0.8031633,0.023891654,0.08724359,0.06110404,0.012747006,0.011850434,0.2,54
0.9755393,0.006696681,0.0012890415,0.015753103,0.00045540006,0.00026649117,0.2,55
0.9717304,0.006139079,0.003540506,0.017681694,0.00058635976,0.00032194064,0.2,56
0.9457887,0.027224425,0.012358076,0.013766165,0.0005091512,0.0003535754,0.2,57
0.5351776,0.38191122,0.08125542,0.0008776835,0.00032392936,0.0004541249,0.2,58
0.9696492,0.023702238,0.004999372,0.001440343,0.00012712077,8.167305e-05,0.2,59
0.93920934,0.039711144,0.016080137,0.0040585273,0.00056630716,0.00037450733,0.2,60
0.6882444,0.07022934,0.2368398,0.0031187518,0.00089071115,0.0006769131,0.2,61
0.7866583,0.01112705,0.012611609,0.1787312,0.006259281,0.004612572,0.2,62
0.8201986,0.004322829,0.001910293,0.1711013,0.0015269088,0.00094004354,0.2,63
0.6807601,0.006908515,0.0034345507,0.2898094,0.011722605,0.0073647816,0.2,64
0.9184518,0.0342657,0.0398956,0.00641877,0.0005591644,0.00040896417,0.2,65
0.75427276,0.10949228,0.11903253,0.012904349,0.0020359647,0.0022621637,0.2,66
0.61237645,0.2351776,0.149158,0.0013900336,0.00090253825,0.0009954736,0.2,67
0.61033124,0.0005567958,0.0020193558,0.38404274,0.0019987405,0.0010511841,0.2,68
0.81518805,0.08585497,0.08189263,0.014981648,0.0010330467,0.0010495953,0.2,69
0.91726613,0.01006199,0.009058537,0.056927785,0.0039558215,0.002729746,0.2,70
0.898013,0.004652479,0.08331611,0.0124899745,0.0009491648,0.0005793096,0.2,71
0.8922378,0.008125552,0.05051369,0.044762604,0.0027541048,0.0016062446,0.2,72
0.80586076,0.010121168,0.0096508525,0.15391432,0.012829462,0.007623404,0.2,73
0.86504865,0.013449446,0.023554247,0.08289794,0.0085716415,0.0064780423,0.2,74
0.73091084,0.05108409,0.21164788,0.0038630413,0.0013948395,0.0010993037,0.2,75
0.81171405,0.011193209,0.0057965005,0.16096483,0.006096411,0.004234967,0.2,76
0.92224646,0.013160346,0.052076377,0.009609331,0.0018522785,0.0010551915,0.2,77
0.8821278,0.008752198,0.0051235077,0.10136656,0.0015893814,0.0010405037,0.2,78
0.77223015,0.18059717,0.042765073,0.0028870325,0.0007588902,0.00076158735,0.2,79
0.6412704,0.28065807,0.07523054,0.0018882473,0.00046073107,0.0004919733,0.2,80
0.8566654,0.09933502,0.034821708,0.007980595,0.00065594754,0.00054135174,0.2,81
0.63724226,0.18707824,0.17176935,0.0020889402,0.00086726405,0.0009539335,0.2,82
0.8951944,0.027283942,0.051429,0.021534098,0.0024356127,0.002122887,0.2,83
0.8610997,0.012734223,0.022250136,0.09736389,0.0036175412,0.0029345118,0.2,84
0.86688197,0.03356577,0.042336196,0.049923014,0.0037461373,0.0035470582,0.2,85
0.7547913,0.015607038,0.02093208,0.14995487,0.035566766,0.023147942,0.2,86
0.89353514,0.008259707,0.028919665,0.059819963,0.0058300425,0.0036355094,0.2,87
0.7438977,0.14595339,0.10283969,0.004760865,0.0011792718,0.0013690584,0.2,88
0.94272643,0.00901574,0.007884077,0.037550684,0.001746397,0.001076633,0.2,89
0.62585366,0.120523736,0.24976537,0.001848214,0.0010293877,0.0009797196,0.2,90
0.78355277,0.156666,0.056995388,0.0019123469,0.00046737117,0.00040611273,0.2,91
0.534952,0.0018843783,0.015660541,0.35174316,0.054120816,0.04163911,0.2,92
0.95563143,0.0036552898,0.021373741,0.015571202,0.0024517518,0.0013166093,0.2,93
0.78985834,0.0044817766,0.026021738,0.1548563,0.01491216,0.009869711,0.2,94
0.87706506,0.036928117,0.0828105,0.0018912477,0.00075722905,0.00054775673,0.2,95
0.8437581,0.016006622,0.013321334,0.11445421,0.007543625,0.00491616,0.2,96
0.9371738,0.012637625,0.026369499,0.020469546,0.002018446,0.0013311174,0.2,97
0.92205024,0.008021298,0.045265462,0.02260868,0.0012595602,0.0007948419,0.2,98
0.79985327,0.1652498,0.032425366,0.0017474957,0.00037296134,0.00035116414,0.2,99
0.92650974,0.00871849,0.0026501936,0.059314277,0.0017844088,0.0010228836,0.3,0
0.8309641,0.0060768784,0.008796949,0.14761046,0.0041367593,0.0024147637,0.3,1
0.8081565,0.07862663,0.10882918,0.0024212147,0.001064665,0.00090181263,0.3,2
0.72163296,0.15485391,0.11595736,0.0054798163,0.0010550423,0.0010208744,0.3,3
0.82754207,0.004613016,0.0025954181,0.16171938,0.0022688196,0.001261289,0.3,4
0.92211884,0.056661315,0.018046891,0.0025593683,0.000363558,0.00025002015,0.3,5
0.75411785,0.0021314493,0.004887292,0.23171097,0.0044743074,0.0026781517,0.3,6
0.617615,0.34594747,0.03483162,0.0010446355,0.0002671297,0.00029414226,0.3,7
0.9508257,0.028958827,0.009799535,0.009717688,0.00041417681,0.0002841027,0.3,8
0.8764092,0.016824784,0.004724097,0.09806522,0.0023216114,0.001655071,0.3,9
0.73570806,0.1952188,0.06534498,0.0025615364,0.00059791724,0.0005686174,0.3,10
0.8802328,0.005733728,0.009809682,0.10061703,0.0022403465,0.0013663468,0.3,11
0.8856715,0.009741245,0.015890207,0.07745418,0.00629124,0.004951633,0.3,12
0.9561455,0.0066079902,0.017125139,0.018778315,0.00081589137,0.00052709883,0.3,13
0.9269041,0.028377088,0.04097264,0.0029897732,0.00046031628,0.0002961077,0.3,14
0.75244665,0.003425008,0.006318442,0.23146918,0.003974955,0.0023658185,0.3,15
0.9499323,0.010322714,0.014744544,0.021096747,0.002467547,0.001436089,0.3,16
0.5603324,0.0029361332,0.04231076,0.325035,0.035869688,0.033516005,0.3,17
0.77744067,0.035889525,0.1825028,0.0024495998,0.0009529988,0.0007644303,0.3,18
0.82078874,0.016181346,0.07751973,0.062764205,0.012705413,0.01004064,0.3,19
0.88213027,0.0126723135,0.0066034477,0.096236184,0.0014845285,0.0008732361,0.3,20
0.95045733,0.01608147,0.027519096,0.0050598453,0.0005260518,0.00035619523,0.3,21
0.8922802,0.004768374,0.0025237857,0.09545024,0.0033599248,0.0016174125,0.3,22
0.8403114,0.0014816374,0.12990123,0.021866783,0.0043509053,0.00208813,0.3,23
0.98081565,0.009925703,0.0056601837,0.0031022711,0.00031530525,0.00018099361,0.3,24
0.72059214,0.003020914,0.010676203,0.252916,0.007995203,0.0047995457,0.3,25
0.86959517,0.021544183,0.105013035,0.0031249193,0.0004513598,0.00027134526,0.3,26
0.89702123,0.02087809,0.040749542,0.033657666,0.004199556,0.003493895,0.3,27
0.80993474,0.008062617,0.17580485,0.0034624098,0.0016501774,0.0010852389,0.3,28
0.9090321,0.06728138,0.01884484,0.00426538,0.0003317968,0.0002445478,0.3,29
0.9474729,0.013304865,0.0027548412,0.034436714,0.0012024723,0.00082822284,0.3,30
0.9650159,0.0037627975,0.022224799,0.008215415,0.00052526285,0.00025582232,0.3,31
0.87553036,0.0070391786,0.0053260704,0.10608813,0.00375763,0.0022585848,0.3,32
0.8396262,0.0075273924,0.027685644,0.11060105,0.008706404,0.0058533675,0.3,33
0.76614517,0.02433073,0.2051019,0.0028681213,0.00090585905,0.0006482361,0.3,34
0.81748474,0.013892681,0.11310404,0.043651436,0.0065213707,0.0053457706,0.3,35
0.9203624,0.060259003,0.016592856,0.0023192542,0.00026544085,0.00020101228,0.3,36
0.91605026,0.011565383,0.06698329,0.0033298398,0.0012745486,0.000796704,0.3,37
0.6019966,0.27518332,0.11948904,0.0020974355,0.00055378425,0.000679811,0.3,38
0.68369806,0.003492874,0.017613063,0.28278908,0.007775042,0.004631842,0.3,39
0.7778528,0.17478056,0.04379127,0.0026114911,0.0005114851,0.00045238467,0.3,40
0.8350712,0.0048691393,0.01073964,0.14122455,0.0052582473,0.0028373103,0.3,41
0.88848287,0.068155855,0.036120467,0.0056995875,0.0008557476,0.00068557466,0.3,42
0.8802279,0.0064334106,0.014854798,0.09414994,0.0026590466,0.0016748264,0.3,43
0.8382747,0.10320718,0.05504205,0.0025802578,0.00050455355,0.00039122984,0.3,44
0.8523593,0.0076244175,0.02390456,0.10402398,0.006922624,0.005165101,0.3,45
0.9473314,0.030516189,0.008489531,0.011763741,0.0011196955,0.0007794081,0.3,46
0.93363875,0.0033966363,0.029859608,0.03082661,0.0015332678,0.0007450808,0.3,47
0.7756696,0.0069668503,0.0069558187,0.19826794,0.0072297924,0.004910117,0.3,48
0.94527304,0.0032344684,0.001718524,0.04858467,0.0008288952,0.00036036142,0.3,49
0.97481865,0.01151182,0.0024626944,0.010551666,0.00038043398,0.0002747665,0.3,50
0.8625195,0.056488108,0.07774845,0.0024020094,0.00049512635,0.00034675538,0.3,51
0.9229525,0.065033175,0.00884636,0.0025747218,0.00033828753,0.00025491774,0.3,52
0.9352091,0.010737613,0.01850698,0.032757696,0.0016939561,0.0010947057,0.3,53
0.79967284,0.0013266923,0.0036913168,0.18847375,0.004716337,0.0021190622,0.3,54
0.95096195,0.021977406,0.023322897,0.0028786534,0.0005119402,0.0003470802,0.3,55
0.685023,0.0076805614,0.008634034,0.26835984,0.01838173,0.011920778,0.3,56
0.72660136,0.0041655204,0.010440452,0.24698684,0.0071084755,0.004697348,0.3,57
0.9146582,0.0273868,0.014276961,0.03773756,0.0036301133,0.0023103277,0.3,58
0.92778224,0.051951658,0.015012243,0.0045050085,0.0004369996,0.00031189548,0.3,59
0.96325344,0.01055492,0.014329133,0.010937651,0.0005825042,0.0003423509,0.3,60
0.8458007,0.012232656,0.0313056,0.097604424,0.007586868,0.0054698,0.3,61
0.5260318,0.42011863,0.052787013,0.00065671204,0.00015989192,0.00024587722,0.3,62
0.87182844,0.004174147,0.020526204,0.10137747,0.0013859933,0.0007076828,0.3,63
0.5250237,0.16341868,0.30986485,0.0007765873,0.00044496646,0.00047123551,0.3,64
0.9400378,0.03953113,0.009650309,0.009291329,0.00078444614,0.0007048991,0.3,65
0.9254328,0.029148355,0.042492606,0.0022257413,0.00041223216,0.0002883953,0.3,66
0.6077293,0.120892555,0.26798517,0.0015894126,0.0009431345,0.00086040143,0.3,67
0.8500595,0.06586197,0.055282585,0.023922306,0.002458924,0.0024146938,0.3,68
0.8893969,0.005234082,0.0042656506,0.09640419,0.0030081416,0.0016910366,0.3,69
0.8161466,0.15543719,0.025101518,0.0027115277,0.00032011734,0.00028304898,0.3,70
0.93763775,0.030680532,0.020490391,0.0094344895,0.001068154,0.0006887101,0.3,71
0.86142683,0.015480285,0.028154787,0.08578214,0.0051099113,0.0040460723,0.3,72
0.8958421,0.0071906415,0.02760206,0.063362695,0.0037986792,0.0022038487,0.3,73
0.9653964,0.021072451,0.010126378,0.002926815,0.00028432845,0.00019357132,0.3,74
0.9230639,0.045020454,0.028546251,0.00281503,0.000316259,0.00023809164,0.3,75
0.9672816,0.0071461936,0.008466624,0.015871653,0.0007890802,0.000444876,0.3,76
0.8653356,0.024541693,0.10296712,0.005943989,0.00069625466,0.0005153348,0.3,77
0.5675175,0.005071843,0.00610035,0.3761111,0.025391888,0.019807281,0.3,78
0.74596983,0.0535548,0.19527839,0.002443239,0.001546223,0.0012075449,0.3,79
0.5765658,0.20949414,0.21060562,0.0018871151,0.0006693921,0.0007779052,0.3,80
0.51149744,0.3393417,0.14804527,0.00056618743,0.00021857645,0.00033078808,0.3,81
0.54501176,0.24449916,0.20764881,0.0013794743,0.0006409453,0.0008198173,0.3,82
0.6460582,0.0018751073,0.02286321,0.30752516,0.014043484,0.0076348647,0.3,83
0.70498866,0.20377755,0.08878289,0.0011564944,0.00064281025,0.0006515888,0.3,84
0.77843577,0.15714164,0.047557816,0.014731429,0.0010511271,0.0010822552,0.3,85
0.8970535,0.0058991257,0.014319199,0.07454119,0.0052432944,0.002943742,0.3,86
0.9742209,0.014900685,0.0018023138,0.008704967,0.00022164859,0.00014949759,0.3,87
0.9320986,0.037814725,0.019168483,0.009474904,0.0008517485,0.0005915739,0.3,88
0.9174586,0.012478988,0.055265825,0.012634793,0.0014119989,0.0007498164,0.3,89
0.73771876,0.14304015,0.11327549,0.0036014868,0.0011310241,0.0012330639,0.3,90
0.8907381,0.009556512,0.009852334,0.08665746,0.0019196898,0.0012759252,0.3,91
0.9352827,0.006581077,0.024140924,0.030886985,0.001980567,0.0011277603,0.3,92
0.8820277,0.044238657,0.069613725,0.0030364883,0.00060862355,0.00047484325,0.3,93
0.67362,0.16329154,0.15891533,0.0018237286,0.0011550564,0.0011942982,0.3,94
0.8521354,0.011845635,0.00318133,0.127588,0.0031185995,0.0021310581,0.3,95
0.8804652,0.019229397,0.0048085907,0.09255878,0.0016915752,0.001246404,0.3,96
0.79343563,0.01745591,0.088294476,0.08332647,0.009708364,0.0077791703,0.3,97
0.94732916,0.02095045,0.011370782,0.018513924,0.0010767129,0.0007589793,0.3,98
0.840528,0.008772386,0.022238601,0.119244926,0.0056236717,0.0035924013,0.3,99
0.9628137,0.011027493,0.013399612,0.011319104,0.000967538,0.00047256186,0.4,0
0.6800953,0.004774664,0.004376349,0.29901576,0.0070155277,0.004722327,0.4,1
0.9576659,0.01925505,0.00868673,0.013158049,0.00076135295,0.00047290316,0.4,2
0.7288354,0.0069782673,0.007937569,0.24552129,0.0064025978,0.004324901,0.4,3
0.8950117,0.0030415917,0.026127918,0.06780783,0.0052076974,0.0028032248,0.4,4
0.9117964,0.07720909,0.008324673,0.002190541,0.00027731992,0.00020205507,0.4,5
0.92279303,0.029041324,0.027205711,0.019349087,0.0009474723,0.0006633993,0.4,6
0.93012786,0.035700448,0.011504638,0.021333119,0.0007499277,0.00058391417,0.4,7
0.9377178,0.011322902,0.03790134,0.011662267,0.0008760674,0.0005196135,0.4,8
0.8949969,0.083840415,0.017194849,0.002942173,0.0005482761,0.00047747468,0.4,9
0.932536,0.019532364,0.013954268,0.032091696,0.0011585422,0.00072711357,0.4,10
0.82477653,0.097878076,0.07144586,0.004324466,0.0007753307,0.00079973525,0.4,11
0.91842324,0.024303146,0.05305802,0.0037171063,0.0003137743,0.00018469739,0.4,12
0.77098006,0.19004108,0.034454837,0.0031728763,0.0006186935,0.0007324314,0.4,13
0.96704483,0.016024359,0.007067566,0.008311824,0.0009174662,0.00063388294,0.4,14
0.92238164,0.016526556,0.0058029485,0.05358751,0.00103253,0.0006687904,0.4,15
0.9397557,0.004398498,0.01208871,0.042646006,0.00078808394,0.00032304216,0.4,16
0.69497234,0.2602999,0.041763417,0.0020089257,0.0004788465,0.00047658777,0.4,17
0.940791,0.0054520057,0.0070526907,0.043739222,0.0019695049,0.0009956202,0.4,18
0.9500332,0.032472868,0.010729742,0.006175672,0.00033674698,0.00025177194,0.4,19
0.9708571,0.014731559,0.005637456,0.008396603,0.00022883469,0.0001485398,0.4,20
0.59073746,0.21419303,0.19078334,0.0019378297,0.0010421601,0.001306225,0.4,21
0.8501455,0.08800065,0.05743354,0.003350887,0.0005879942,0.000481358,0.4,22
0.51404315,0.33304343,0.15178023,0.0007341245,0.0001654258,0.00023364149,0.4,23
0.8544893,0.06224238,0.07825922,0.0036146548,0.00081881747,0.0005756515,0.4,24
0.82624304,0.069334015,0.09899105,0.0042285845,0.00071276916,0.0004904033,0.4,25
0.64173585,0.2953173,0.060690857,0.0016407989,0.00030761873,0.00030755126,0.4,26
0.8452716,0.0019958094,0.006693573,0.14232868,0.0024834191,0.0012269607,0.4,27
0.9769427,0.009813699,0.008651722,0.004368123,0.00013664649,8.713037e-05,0.4,28
0.8698528,0.0059781717,0.08733143,0.03305647,0.002371042,0.0014100975,0.4,29
0.96741736,0.014830838,0.004676346,0.012413806,0.00041205343,0.00024958228,0.4,30
0.81210494,0.027058795,0.15057008,0.006543115,0.0022546512,0.0014684352,0.4,31
0.58693856,0.0005465566,0.006084342,0.39583302,0.006978351,0.0036191333,0.4,32
0.8733203,0.010704424,0.015027671,0.09604005,0.0030445626,0.0018630989,0.4,33
0.6559527,0.001430108,0.042478055,0.27756333,0.013834269,0.00874155,0.4,34
0.8054637,0.12211339,0.06888732,0.0026455417,0.0004936345,0.000396437,0.4,35
0.9464295,0.00479591,0.021012748,0.023463268,0.0029260672,0.0013724506,0.4,36
0.8795419,0.077810034,0.033488233,0.008106933,0.0005859841,0.0004670524,0.4,37
0.9358765,0.033272732,0.0231415,0.00673726,0.000568946,0.00040301884,0.4,38
0.8574702,0.0066415286,0.01985717,0.100059554,0.009701076,0.006270547,0.4,39
0.928048,0.03723666,0.028089507,0.005774914,0.0004951808,0.0003556992,0.4,40
0.8893149,0.015964044,0.043786015,0.0422151,0.004875968,0.0038439168,0.4,41
0.88376844,0.08382391,0.029564165,0.0023955232,0.00026082533,0.00018716615,0.4,42
0.8505895,0.065778114,0.07091406,0.010689597,0.0010914769,0.00093722745,0.4,43
0.92179614,0.05625236,0.018307433,0.0028787176,0.0004277048,0.00033766215,0.4,44
0.8882282,0.054637115,0.053537674,0.0024721527,0.000628877,0.00049594877,0.4,45
0.84230447,0.065920815,0.08829075,0.0026555907,0.0004694218,0.0003589789,0.4,46
0.5097742,0.37740117,0.11184922,0.00035379018,0.000224776,0.0003968094,0.4,47
0.67887837,0.0045961016,0.013866641,0.28947458,0.007757303,0.005426969,0.4,48
0.9333439,0.024875773,0.023096535,0.01496557,0.0020771215,0.0016411503,0.4,49
0.8855717,0.030297592,0.08057569,0.0023297938,0.0007198795,0.0005053429,0.4,50
0.79885924,0.0031960418,0.016037913,0.16710438,0.009506828,0.00529569,0.4,51
0.53579813,0.37065357,0.09199545,0.0008323432,0.00029185813,0.00042869485,0.4,52
0.91135323,0.0074447105,0.009372171,0.06771139,0.0025431325,0.001575417,0.4,53
0.9033265,0.079237655,0.010170173,0.0062581976,0.00053047005,0.00047711175,0.4,54
0.92810845,0.012887013,0.04796695,0.009455794,0.0009959688,0.0005858704,0.4,55
0.666944,0.009638631,0.054973252,0.23401769,0.019156992,0.015269412,0.4,56
0.948304,0.030142011,0.016957121,0.003938381,0.0003878695,0.00027060547,0.4,57
0.87400794,0.012727947,0.01829075,0.09025367,0.0027772775,0.0019423804,0.4,58
0.96772045,0.0115188,0.014004142,0.006318602,0.0002669135,0.00017100362,0.4,59
0.6305566,0.28854597,0.078279585,0.0015105844,0.00053184316,0.000575428,0.4,60
0.9629592,0.0042196284,0.00450893,0.026799433,0.0010007088,0.00051220774,0.4,61
0.9353603,0.047062535,0.015585642,0.0015740234,0.00025454798,0.00016296565,0.4,62
0.7255352,0.0059853992,0.043362193,0.16243722,0.03577471,0.026905244,0.4,63
0.7711222,0.0430556,0.18017587,0.0038187886,0.0010360541,0.0007915016,0.4,64
0.9596379,0.010078199,0.0059063067,0.022837983,0.00095580146,0.000583789,0.4,65
0.90532374,0.010687786,0.014891347,0.06427078,0.00294739,0.0018789626,0.4,66
0.9557232,0.006366309,0.008895273,0.027175713,0.0011624886,0.0006769783,0.4,67
0.60587907,0.007909218,0.38386652,0.0012154962,0.0006692032,0.00046045697,0.4,68
0.871839,0.00782612,0.005179312,0.11187731,0.0021593978,0.0011189086,0.4,69
0.73640966,0.1828402,0.077037126,0.0026680252,0.00056425476,0.00048073663,0.4,70
0.5828376,0.09316498,0.32013887,0.002566574,0.0006654006,0.00062660367,0.4,71
0.81153893,0.018369416,0.15913862,0.007987148,0.0017649942,0.0012008861,0.4,72
0.63255525,0.0016240225,0.0015614638,0.35927767,0.0030547231,0.001926934,0.4,73
0.9172015,0.019118423,0.054497782,0.007561439,0.0010123599,0.00060853973,0.4,74
0.9100002,0.027984984,0.055477038,0.005392539,0.0006544591,0.00049073243,0.4,75
0.9764687,0.0101686,0.0017429357,0.010904308,0.00045764502,0.0002578862,0.4,76
0.79894423,0.030308321,0.16369854,0.005435085,0.00094318914,0.0006706483,0.4,77
0.9551485,0.0044976994,0.014722037,0.024080886,0.0010655295,0.00048533315,0.4,78
0.54595196,0.033199865,0.4188746,0.0008523707,0.00062158355,0.0004996341,0.4,79
0.89477736,0.023980753,0.07312813,0.0073190746,0.00048184165,0.00031283282,0.4,80
0.69855154,0.26347035,0.035174333,0.0021794082,0.00031469908,0.00030965605,0.4,81
0.66378534,0.2500048,0.08302871,0.0019368052,0.0006525448,0.0005918129,0.4,82
0.9296261,0.013011096,0.010744124,0.041888468,0.0025518648,0.0021782243,0.4,83
0.8127053,0.012776542,0.1645872,0.0072192377,0.0015847206,0.0011269725,0.4,84
0.87006986,0.009429703,0.04388291,0.068240225,0.0047893836,0.0035879505,0.4,85
0.6618048,0.2709832,0.06414169,0.0018156446,0.00060929277,0.00064536365,0.4,86
0.93833786,0.04622156,0.010695119,0.004131837,0.00035409763,0.00025950995,0.4,87
0.94870937,0.01691408,0.01619964,0.015768435,0.0014320633,0.0009764994,0.4,88
0.82171136,0.006944348,0.016436256,0.14651175,0.0049419883,0.0034542803,0.4,89
0.9332489,0.02297375,0.017420646,0.024120674,0.0012088317,0.0010272132,0.4,90
0.8502917,0.006574074,0.0033994874,0.13408647,0.003630998,0.0020172452,0.4,91
0.92828286,0.01868987,0.0055507226,0.04537735,0.0012028426,0.0008963119,0.4,92
0.8125739,0.025718763,0.15792042,0.0018284185,0.0011615423,0.0007969281,0.4,93
0.9266746,0.023861125,0.04037172,0.0067356257,0.0013655858,0.0009913043,0.4,94
0.9677544,0.0033528325,0.01091236,0.01723172,0.00049936504,0.00024928237,0.4,95
0.94167936,0.012580179,0.0048886375,0.038818587,0.0012273167,0.00080588245,0.4,96
0.7041982,0.028762333,0.2619004,0.0031028904,0.0012238446,0.0008124101,0.4,97
0.8508794,0.00267567,0.003862728,0.1380218,0.0030220333,0.0015383965,0.4,98
0.9707047,0.0035237789,0.018465983,0.0065358384,0.00049830624,0.00027139427,0.4,99
