0,1,2,3,4,5,scale,id
0.85379016,0.0060578906,0.04870466,0.071173385,0.012261448,0.00801255,0.8,0
0.7219373,0.0077688047,0.053562295,0.152655,0.036548052,0.02752861,0.8,1
0.73930216,0.00782033,0.11161268,0.094670415,0.026334336,0.020260083,0.8,2
0.8472864,0.025979698,0.059711292,0.0356323,0.016409518,0.014980762,0.8,3
0.9168514,0.010844617,0.027158989,0.031278573,0.0073083565,0.0065580625,0.8,4
0.88072926,0.007685193,0.0835508,0.019074608,0.00524807,0.0037119957,0.8,5
0.9113512,0.012990768,0.030794712,0.036078196,0.0051998734,0.0035852664,0.8,6
0.8678665,0.0015013065,0.061562255,0.05507009,0.00913491,0.004864958,0.8,7
0.79449713,0.0036132953,0.07378553,0.09156574,0.022595411,0.013942814,0.8,8
0.8883157,0.0117020225,0.029704774,0.04731825,0.012109271,0.010850014,0.8,9
0.8410084,0.01609551,0.06627852,0.057613686,0.009859254,0.009144617,0.8,10
0.81994593,0.0050140917,0.03458715,0.077199996,0.035801973,0.027450828,0.8,11
0.6347244,0.0030203077,0.32595938,0.021720303,0.008692065,0.0058835275,0.8,12
0.8555993,0.01010777,0.05341044,0.05971311,0.011592155,0.009577254,0.8,13
0.7391095,0.004932635,0.024665808,0.17612593,0.03274693,0.022419153,0.8,14
0.5867388,0.0035156072,0.37230638,0.021279844,0.008678575,0.007480729,0.8,15
0.79490936,0.0063764085,0.119563825,0.05223716,0.016056795,0.010856487,0.8,16
0.9090044,0.009327366,0.02090964,0.04994017,0.006250613,0.004567842,0.8,17
0.68975747,0.0034716837,0.28452063,0.0137471855,0.004910879,0.0035921498,0.8,18
0.9377154,0.0034044613,0.04032204,0.01524585,0.0021220779,0.0011901616,0.8,19
0.8512567,0.020137114,0.062815025,0.04026924,0.013898987,0.011622886,0.8,20
0.7959443,0.0063251117,0.033543058,0.12424653,0.021649733,0.01829127,0.8,21
0.88122714,0.0030744665,0.022879345,0.07514697,0.010925328,0.0067467205,0.8,22
0.84101486,0.02456919,0.115406044,0.0114919385,0.004037797,0.0034801436,0.8,23
0.94313765,0.0135150375,0.026323006,0.010003482,0.0036900674,0.0033306906,0.8,24
0.57389426,0.0019658124,0.2642216,0.094256,0.03733379,0.028328575,0.8,25
0.75662684,0.06561088,0.17217335,0.003622144,0.0010368869,0.00092992,0.8,26
0.73223794,0.0059982315,0.25156957,0.0068837013,0.0017795997,0.0015309064,0.8,27
0.8858769,0.004802722,0.047253,0.04839233,0.008738754,0.004936242,0.8,28
0.8815361,0.00542318,0.01720667,0.052083038,0.022852255,0.020898767,0.8,29
0.676306,0.0052484786,0.049765356,0.1799605,0.04817008,0.040549573,0.8,30
0.81782687,0.003928265,0.052032307,0.09440865,0.018340431,0.013463485,0.8,31
0.7217772,0.006168001,0.23914683,0.02222662,0.0062588756,0.0044225743,0.8,32
0.6599394,0.007860961,0.13590507,0.11312497,0.044704948,0.03846472,0.8,33
0.76035726,0.004411066,0.07050996,0.1284449,0.021647835,0.014628967,0.8,34
0.9091124,0.022524364,0.061349478,0.0056781853,0.0007908921,0.00054466486,0.8,35
0.85581946,0.007851389,0.05493515,0.058502547,0.0128706675,0.010020765,0.8,36
0.85576314,0.013483416,0.12516989,0.0042647407,0.00083354313,0.00048526624,0.8,37
0.7325352,0.0146611305,0.22098096,0.020562604,0.006088599,0.005171554,0.8,38
0.7186536,0.0026762234,0.114181526,0.11648615,0.030273283,0.017729187,0.8,39
0.9130194,0.009501867,0.024333468,0.041108172,0.006993074,0.005044018,0.8,40
0.8514567,0.066051416,0.0739919,0.005237919,0.001774588,0.0014874612,0.8,41
0.676725,0.02188663,0.094721556,0.09012692,0.05626854,0.0602714,0.8,42
0.76124644,0.0068577216,0.099910535,0.08693502,0.026794827,0.018255461,0.8,43
0.9148686,0.0048378366,0.033044375,0.03447875,0.0073743365,0.005396024,0.8,44
0.7920691,0.10071953,0.099984884,0.0046628984,0.0013827464,0.0011808916,0.8,45
0.864834,0.007155776,0.042681716,0.07243778,0.007469306,0.0054214643,0.8,46
0.8747231,0.005769419,0.07960705,0.029794123,0.0062771877,0.0038292385,0.8,47
0.7138572,0.14470686,0.1339463,0.005371649,0.0010666734,0.001051368,0.8,48
0.72300464,0.14267632,0.12688048,0.0034257506,0.0018430611,0.0021697558,0.8,49
0.80997443,0.0056174626,0.03986705,0.10865342,0.021303177,0.014584507,0.8,50
0.8095254,0.0083102435,0.028506234,0.09489271,0.031765208,0.02700033,0.8,51
0.89799416,0.010568703,0.021289071,0.05599635,0.007818343,0.006333329,0.8,52
0.86766964,0.017232314,0.026379714,0.059008442,0.016108545,0.013601365,0.8,53
0.80508614,0.0061953682,0.0419127,0.11453487,0.018745616,0.013525358,0.8,54
0.91507196,0.002757902,0.042431243,0.03176941,0.0053182216,0.0026512907,0.8,55
0.82543147,0.0084871175,0.085353374,0.0673727,0.0076610097,0.005694344,0.8,56
0.7143652,0.0070446846,0.12430643,0.10390619,0.028240066,0.022137515,0.8,57
0.7666611,0.00602589,0.028788632,0.15601224,0.023179315,0.019332815,0.8,58
0.7537533,0.00938679,0.17017005,0.041146383,0.013796103,0.011747368,0.8,59
0.8510315,0.052784808,0.06483736,0.020340702,0.005234839,0.0057708197,0.8,60
0.8886912,0.010828573,0.05024859,0.037955347,0.0065538734,0.005722453,0.8,61
0.6015245,0.002580208,0.38727215,0.0051008873,0.0019592587,0.0015629478,0.8,62
0.89786863,0.003058784,0.036190365,0.04440092,0.011967336,0.0065139886,0.8,63
0.8280503,0.016341515,0.1261148,0.020796657,0.0046518426,0.004044889,0.8,64
0.8207339,0.04056807,0.12262982,0.0095304735,0.0034863953,0.003051295,0.8,65
0.8726475,0.04142686,0.061230723,0.018314017,0.0033016829,0.0030791694,0.8,66
0.62578535,0.0039327834,0.2390666,0.08744225,0.025839223,0.017933728,0.8,67
0.8932925,0.014283248,0.035774224,0.04430105,0.0066208635,0.0057281107,0.8,68
0.5752321,0.0058494005,0.36414856,0.035497896,0.01071034,0.008561744,0.8,69
0.79070723,0.008779827,0.024504049,0.13107412,0.024927825,0.020006988,0.8,70
0.62043107,0.0014758115,0.033665657,0.2664931,0.04670623,0.031228177,0.8,71
0.60463643,0.30744645,0.0850508,0.0014700947,0.00062278565,0.00077344367,0.8,72
0.8106346,0.077979326,0.099450104,0.005879635,0.0029798017,0.003076505,0.8,73
0.9150348,0.02851423,0.044209465,0.008780103,0.0018599564,0.0016015472,0.8,74
0.7210334,0.0071709948,0.18202338,0.062017124,0.0155518,0.012203314,0.8,75
0.6967721,0.002433195,0.046152093,0.21527083,0.023702523,0.015669309,0.8,76
0.64989585,0.0046383245,0.27549288,0.04823505,0.012514913,0.0092229815,0.8,77
0.64069426,0.004364603,0.023133395,0.20825705,0.065372355,0.05817829,0.8,78
0.6115586,0.0039427304,0.118127406,0.11218205,0.09024492,0.06394424,0.8,79
0.85185397,0.055184215,0.08288237,0.005429107,0.0023578096,0.0022925376,0.8,80
0.88396895,0.026862653,0.047866143,0.028871411,0.0062932107,0.006137709,0.8,81
0.9145869,0.015671594,0.03832625,0.024271311,0.004242837,0.0029010882,0.8,82
0.83681893,0.038229685,0.10302143,0.018400094,0.0019369352,0.0015928857,0.8,83
0.72187895,0.005914119,0.03814069,0.16272989,0.041036475,0.030299917,0.8,84
0.90247625,0.033108,0.025659947,0.026125748,0.006524553,0.006105498,0.8,85
0.8763101,0.07527021,0.038268432,0.004526519,0.0024259014,0.003198866,0.8,86
0.87690103,0.006173673,0.030027565,0.07623988,0.0063230605,0.004334805,0.8,87
0.64100116,0.001367132,0.3007661,0.033482354,0.014179917,0.009203262,0.8,88
0.53044003,0.0014937886,0.03534147,0.31041285,0.06874331,0.05356856,0.8,89
0.71514624,0.13536781,0.14075316,0.0028870353,0.002680358,0.0031653838,0.8,90
0.6787487,0.009389957,0.06892418,0.14762239,0.051399134,0.043915622,0.8,91
0.7853404,0.013549554,0.108187094,0.06545436,0.0142092435,0.013259286,0.8,92
0.55070674,0.001208537,0.440213,0.003688857,0.0023545276,0.0018282873,0.8,93
0.75017,0.0062226173,0.15345342,0.061931845,0.01676256,0.011459493,0.8,94
0.8253552,0.014620836,0.10575799,0.040281296,0.007746295,0.006238373,0.8,95
0.7445677,0.007690649,0.10227168,0.112190895,0.01867276,0.014606234,0.8,96
0.7128407,0.17703357,0.10133443,0.002728799,0.0025844679,0.0034780866,0.8,97
0.8581917,0.009881308,0.035092086,0.06965577,0.015721243,0.011457951,0.8,98
0.90122306,0.016039558,0.03143688,0.043507848,0.004487523,0.0033051916,0.8,99
0.85258245,0.008508361,0.06329554,0.05191955,0.0144867,0.009207415,0.9,0
0.8708422,0.007067438,0.012272848,0.10507033,0.0028715283,0.0018756624,0.9,1
0.8226019,0.06769399,0.07208878,0.028965145,0.004281769,0.004368324,0.9,2
0.73512036,0.0035966751,0.24810934,0.007929915,0.003095222,0.0021484715,0.9,3
0.97480404,0.0058322456,0.013673163,0.004372651,0.0008068545,0.00051106006,0.9,4
0.9263689,0.010983384,0.039865796,0.017826479,0.002967236,0.0019881825,0.9,5
0.78347075,0.015844919,0.18985243,0.0067778234,0.0025207186,0.001533405,0.9,6
0.86485153,0.008877573,0.030174628,0.083839215,0.006575125,0.0056819944,0.9,7
0.8670637,0.020669863,0.050212897,0.045146454,0.009020243,0.007886836,0.9,8
0.88803196,0.022990687,0.050659128,0.027412286,0.005776254,0.00512973,0.9,9
0.84525657,0.028644264,0.041957617,0.057534125,0.013079051,0.013528413,0.9,10
0.8566185,0.033014726,0.09530108,0.0109840585,0.0022173976,0.0018642423,0.9,11
0.8595413,0.0067397854,0.04189179,0.06908068,0.013242294,0.009504133,0.9,12
0.9421521,0.02806044,0.022635842,0.0056125,0.0009005412,0.00063864625,0.9,13
0.83218884,0.0033425046,0.035793256,0.118310735,0.0065040095,0.0038606862,0.9,14
0.5853178,0.0029812532,0.09919471,0.20313294,0.061759826,0.04761346,0.9,15
0.5775796,0.00077880005,0.0060866857,0.39892855,0.010894277,0.005732042,0.9,16
0.8862323,0.012740212,0.076264374,0.019287571,0.0030092825,0.0024661988,0.9,17
0.943127,0.019159723,0.009138727,0.0256388,0.001710162,0.0012255899,0.9,18
0.9628866,0.014021411,0.015745938,0.00666019,0.0004009028,0.0002850589,0.9,19
0.8732406,0.009424253,0.073298596,0.0311959,0.007933271,0.0049073733,0.9,20
0.90207684,0.0030597341,0.053430583,0.03556341,0.0039799516,0.0018894152,0.9,21
0.8441152,0.006887121,0.010587112,0.1343798,0.0023924496,0.0016383966,0.9,22
0.6564343,0.0031858431,0.0068244077,0.30457768,0.017871417,0.011106308,0.9,23
0.8150455,0.005399059,0.008558618,0.15389769,0.010384166,0.0067150528,0.9,24
0.77604496,0.004968307,0.060219202,0.10397813,0.032194916,0.022594467,0.9,25
0.75408816,0.012941919,0.20268422,0.022079477,0.00467695,0.0035292313,0.9,26
0.8021097,0.0032116168,0.03678978,0.14246163,0.009763922,0.005663328,0.9,27
0.88248485,0.06776475,0.04034315,0.0065331473,0.0014370566,0.0014369823,0.9,28
0.81791675,0.0095788585,0.0304261,0.11645235,0.014777686,0.010848224,0.9,29
0.8001193,0.097588345,0.09528294,0.003834328,0.0016245802,0.0015505394,0.9,30
0.5690472,0.25969794,0.16767845,0.0018701707,0.0006995929,0.0010065907,0.9,31
0.8089054,0.006929363,0.04200513,0.1015136,0.023446562,0.017199907,0.9,32
0.60077566,0.0049576517,0.046292484,0.19987781,0.08784736,0.060248993,0.9,33
0.9381145,0.013749316,0.020352472,0.02104903,0.0035406544,0.0031939712,0.9,34
0.93677664,0.019067436,0.02906953,0.013613237,0.0008976975,0.0005754316,0.9,35
0.7874955,0.0048835464,0.16742243,0.028420646,0.0070355497,0.004742373,0.9,36
0.8074357,0.0085364105,0.12416921,0.041882828,0.010037077,0.007938829,0.9,37
0.94861704,0.0046445155,0.027897444,0.016880099,0.0012347407,0.00072612753,0.9,38
0.8914166,0.027447132,0.051911667,0.022539044,0.0036554756,0.003030055,0.9,39
0.8792329,0.029869983,0.065897994,0.016724644,0.0042329486,0.0040415684,0.9,40
0.92600834,0.02153239,0.039981544,0.01143762,0.00062009215,0.00041993646,0.9,41
0.7978243,0.054678567,0.14071698,0.0028079047,0.0021792112,0.0017929997,0.9,42
0.9101162,0.008478093,0.0635422,0.015547119,0.0014079659,0.00090843113,0.9,43
0.856188,0.01666641,0.101383455,0.018606959,0.0038906222,0.0032645438,0.9,44
0.8384126,0.018606942,0.04991916,0.06672613,0.01500195,0.011333239,0.9,45
0.7350366,0.011710039,0.082904674,0.11160196,0.03283976,0.025906976,0.9,46
0.90091753,0.018307328,0.028940098,0.044339128,0.003960295,0.0035355908,0.9,47
0.86568576,0.012114274,0.10199744,0.011190536,0.005222444,0.0037895527,0.9,48
0.8607718,0.01649036,0.02773103,0.06990117,0.014243283,0.01086248,0.9,49
0.8729695,0.058868505,0.062940665,0.0032961797,0.0010762239,0.00084890047,0.9,50
0.6217015,0.008355987,0.042222623,0.17058611,0.08608228,0.071051486,0.9,51
0.91032743,0.019339778,0.05767569,0.009982395,0.001583687,0.0010910333,0.9,52
0.72620255,0.1263571,0.14401625,0.0016751445,0.000876111,0.000872822,0.9,53
0.6501266,0.0035801083,0.019992514,0.26404718,0.039185908,0.023067731,0.9,54
0.8243296,0.009409648,0.046662465,0.09466841,0.013815059,0.011114835,0.9,55
0.8732325,0.024397153,0.090432465,0.00753325,0.0024566017,0.0019480387,0.9,56
0.8897811,0.007010099,0.022727719,0.067842826,0.007739152,0.00489909,0.9,57
0.7594619,0.096781835,0.13332085,0.006041306,0.0020660143,0.002328122,0.9,58
0.8539001,0.0016567131,0.052284338,0.08099664,0.0076394957,0.0035227635,0.9,59
0.5146329,0.0011960004,0.013600151,0.34593076,0.067719296,0.056920916,0.9,60
0.6443499,0.0029677001,0.34797394,0.0032358514,0.0008693917,0.0006032527,0.9,61
0.741856,0.0031785937,0.06060505,0.13797294,0.033848364,0.02253903,0.9,62
0.8079085,0.005898064,0.079296656,0.08076384,0.016273351,0.0098596085,0.9,63
0.77325493,0.01919158,0.031454124,0.12987745,0.025825577,0.02039635,0.9,64
0.5441011,0.001602767,0.052943908,0.27302352,0.07243561,0.055893164,0.9,65
0.77471304,0.10653211,0.10634817,0.005544051,0.0033637313,0.0034988949,0.9,66
0.7683266,0.0068671834,0.045537807,0.12750453,0.031581324,0.020182554,0.9,67
0.8094324,0.06018719,0.105911195,0.016467413,0.003858337,0.004143395,0.9,68
0.84738344,0.037521303,0.085112505,0.020394625,0.004833022,0.004755056,0.9,69
0.819222,0.010161637,0.15785687,0.009335678,0.0020601065,0.0013637422,0.9,70
0.58278286,0.0037153335,0.40871692,0.0024913857,0.0013383335,0.0009552234,0.9,71
0.6009289,0.0017747721,0.37382132,0.015640205,0.004604304,0.003230523,0.9,72
0.88515955,0.0068446244,0.027707344,0.06518508,0.00948421,0.005619096,0.9,73
0.89515483,0.0151680345,0.061700635,0.0227046,0.003001216,0.0022706613,0.9,74
0.8400518,0.028256746,0.08580924,0.031223087,0.007443082,0.0072160666,0.9,75
0.8874326,0.013968333,0.07895679,0.014722053,0.0026889532,0.0022312761,0.9,76
0.89735335,0.017052528,0.029753163,0.046535324,0.0053501185,0.003955535,0.9,77
0.7046904,0.0767818,0.21312083,0.0023378017,0.0015119172,0.0015573185,0.9,78
0.86792535,0.031438086,0.067970894,0.020222092,0.006405289,0.006038298,0.9,79
0.8343619,0.0053397156,0.017026432,0.130277,0.008237052,0.004757819,0.9,80
0.87320566,0.029028364,0.08939472,0.004451062,0.0020553926,0.0018647368,0.9,81
0.7155754,0.074640304,0.20074256,0.0038067745,0.002658304,0.0025766697,0.9,82
0.5757918,0.31515947,0.10655216,0.0014217661,0.00047042532,0.0006044166,0.9,83
0.79627806,0.009409361,0.061509576,0.104972884,0.015443072,0.012387051,0.9,84
0.80890036,0.015762288,0.042331733,0.09848348,0.01886363,0.015658533,0.9,85
0.9574912,0.016739698,0.014160623,0.00954257,0.0012705332,0.00079538935,0.9,86
0.9075552,0.010177028,0.05945333,0.018030599,0.0026757368,0.0021081914,0.9,87
0.7363352,0.0037480076,0.07635513,0.12982762,0.032931164,0.020802842,0.9,88
0.8110974,0.006433852,0.15882498,0.016995164,0.0041499645,0.0024986444,0.9,89
0.89606893,0.037357714,0.055582613,0.0069642556,0.0020738484,0.0019525678,0.9,90
0.81866777,0.03371806,0.12643766,0.013421373,0.0040449086,0.0037101805,0.9,91
0.7931681,0.09351421,0.10620449,0.0044594593,0.0013829063,0.0012708168,0.9,92
0.8273649,0.011900419,0.111123055,0.039981443,0.005369135,0.0042610033,0.9,93
0.64959115,0.1940343,0.1486275,0.002516589,0.0021458447,0.003084564,0.9,94
0.86018085,0.009512573,0.10143708,0.020772874,0.0047663962,0.0033301588,0.9,95
0.73425686,0.007177977,0.14223334,0.09931315,0.010366832,0.0066518853,0.9,96
0.87109256,0.025271729,0.05787058,0.028756328,0.00889674,0.008112116,0.9,97
0.9216255,0.014722222,0.021016765,0.03745144,0.00289444,0.0022895844,0.9,98
0.8285217,0.004742105,0.049809385,0.08913191,0.017084004,0.01071089,0.9,99
0.95683056,0.023720698,0.010033119,0.008023647,0.0008161283,0.0005758683,1.0,0
0.5928097,0.30674657,0.09828846,0.0011022021,0.00049759017,0.0005555005,1.0,1
0.8667798,0.005260677,0.0062247985,0.1178569,0.002408788,0.001469114,1.0,2
0.8321263,0.0028518003,0.0027201984,0.15778641,0.0028648565,0.0016504409,1.0,3
0.8893584,0.06959791,0.030302051,0.008704193,0.001095857,0.00094157556,1.0,4
0.793234,0.015019954,0.07041077,0.09862006,0.012454818,0.010260431,1.0,5
0.9300093,0.009643141,0.002121305,0.055284232,0.0018686261,0.0010733884,1.0,6
0.92473507,0.036168978,0.034409944,0.0039809733,0.000424682,0.00028034073,1.0,7
0.879851,0.009941089,0.10004368,0.008103744,0.0012741496,0.00078628625,1.0,8
0.7193312,0.0048251604,0.0026320964,0.2646892,0.005118725,0.003403621,1.0,9
0.9370674,0.005849026,0.0033597755,0.05093977,0.0018388045,0.0009451784,1.0,10
0.9413172,0.012205479,0.04026523,0.005291964,0.00056158396,0.00035855873,1.0,11
0.94580907,0.030269995,0.02154915,0.0017654864,0.00036153654,0.00024476534,1.0,12
0.8932053,0.08407019,0.020656757,0.0014394553,0.0003579113,0.00027044135,1.0,13
0.92142403,0.007406727,0.022355111,0.04625935,0.0015887585,0.0009660257,1.0,14
0.877536,0.02214493,0.09723397,0.0021078025,0.0006108131,0.00036644947,1.0,15
0.94711065,0.04155641,0.0071802377,0.0035577153,0.00034399432,0.00025106475,1.0,16
0.96612185,0.017180197,0.0073691704,0.008686619,0.00038641624,0.0002557406,1.0,17
0.8945011,0.021609815,0.07542373,0.006041004,0.0014606011,0.0009636773,1.0,18
0.8468334,0.006191957,0.0028271023,0.14178997,0.0014492519,0.0009082641,1.0,19
0.6410042,0.20900108,0.14713272,0.0011521408,0.00083717954,0.000872677,1.0,20
0.95326096,0.03446347,0.0078419885,0.004112322,0.0001873329,0.00013399601,1.0,21
0.74583304,0.19590741,0.05513251,0.001992807,0.00061856164,0.0005156919,1.0,22
0.9564984,0.01720597,0.0053132586,0.019418532,0.000978681,0.0005851532,1.0,23
0.9748405,0.014902271,0.00599649,0.004055441,0.00011725406,8.792167e-05,1.0,24
0.63414234,0.19418745,0.1672208,0.0022545622,0.001029859,0.0011650051,1.0,25
0.8832469,0.098999895,0.015660396,0.0015444069,0.0002937115,0.00025475133,1.0,26
0.55434155,0.004298659,0.0058211205,0.4074871,0.016151467,0.01190015,1.0,27
0.9402225,0.006237889,0.03559688,0.01462365,0.0021143793,0.0012046511,1.0,28
0.82952905,0.1370312,0.028075702,0.004503441,0.00043778194,0.00042279824,1.0,29
0.78640276,0.0029686973,0.11322811,0.09133053,0.0038928092,0.0021770706,1.0,30
0.8850752,0.0053313575,0.0035963566,0.10295417,0.0019505763,0.0010923069,1.0,31
0.9525362,0.0077498406,0.031618383,0.0061944616,0.0011773313,0.00072375033,1.0,32
0.7993301,0.0082351025,0.0024426726,0.18450832,0.00334106,0.0021426617,1.0,33
0.89230114,0.06859122,0.02703351,0.010192601,0.0010347172,0.00084668695,1.0,34
0.7913946,0.0043452275,0.0024620898,0.19786018,0.0024766636,0.0014612313,1.0,35
0.8295585,0.010402449,0.0021545861,0.1537148,0.0025530513,0.0016166276,1.0,36
0.73413193,0.003159088,0.007184872,0.24853323,0.0044203885,0.0025705227,1.0,37
0.9035778,0.014732501,0.05593758,0.020915909,0.0029313785,0.0019048358,1.0,38
0.76396686,0.20830692,0.024063218,0.0026969912,0.00048583202,0.00048015724,1.0,39
0.79209876,0.009503233,0.025963524,0.15947245,0.0076551596,0.0053068753,1.0,40
0.93616045,0.009545102,0.012158425,0.040554404,0.00095935893,0.00062233646,1.0,41
0.9433871,0.012879702,0.00641451,0.03535433,0.0011503686,0.0008140169,1.0,42
0.7464515,0.17901169,0.07010864,0.002959014,0.00076746085,0.0007016697,1.0,43
0.7142662,0.005905704,0.0062888083,0.25635892,0.009600213,0.007580129,1.0,44
0.9547568,0.018573336,0.011797744,0.013692285,0.0006946402,0.00048512992,1.0,45
0.5125215,0.4450518,0.041676562,0.00042114654,0.000120224424,0.00020873775,1.0,46
0.8973154,0.0070140925,0.08635038,0.007040929,0.0013371127,0.0009420373,1.0,47
0.9107924,0.018327558,0.006993693,0.058730863,0.0030883548,0.002067101,1.0,48
0.949261,0.012838456,0.017841607,0.017203713,0.0017428224,0.0011124157,1.0,49
0.8685863,0.005984779,0.003295341,0.118443735,0.0022839278,0.0014059992,1.0,50
0.90434253,0.004644863,0.0030453657,0.08638954,0.0010441772,0.0005334673,1.0,51
0.63215697,0.2647593,0.10075622,0.0014796705,0.00041417827,0.000433729,1.0,52
0.8884882,0.016147733,0.012750905,0.07363479,0.0055027525,0.003475656,1.0,53
0.9507891,0.012563259,0.01843852,0.01614907,0.0012691726,0.00079077575,1.0,54
0.93287575,0.011023374,0.032208666,0.02181267,0.0012618611,0.0008177275,1.0,55
0.8655875,0.09758584,0.03356209,0.0024098486,0.00049203064,0.00036271152,1.0,56
0.91311955,0.008472449,0.05176428,0.020411305,0.0040485454,0.0021838583,1.0,57
0.6696665,0.00222124,0.008207439,0.29668102,0.014512918,0.008710869,1.0,58
0.95812273,0.006346292,0.0052425414,0.028828911,0.00094279274,0.0005167881,1.0,59
0.7914481,0.005316497,0.06023907,0.109272815,0.021255542,0.012467967,1.0,60
0.95132995,0.0054745018,0.018374505,0.023342479,0.0009673069,0.0005112935,1.0,61
0.9019805,0.014551751,0.0026566703,0.07492533,0.003533039,0.0023526647,1.0,62
0.66257584,0.0032840648,0.32732025,0.004831491,0.0011718936,0.0008164831,1.0,63
0.81650424,0.0046892855,0.004019053,0.1681567,0.0042005414,0.0024301615,1.0,64
0.8373369,0.008563402,0.004747749,0.14281361,0.003964438,0.0025738883,1.0,65
0.9265598,0.05405241,0.0076742126,0.010439608,0.0007070152,0.0005668681,1.0,66
0.9137431,0.0075156633,0.0011147218,0.07379996,0.0024796526,0.00134691,1.0,67
0.85599643,0.071610056,0.027208386,0.041663792,0.0019419587,0.0015794961,1.0,68
0.95154846,0.0119318785,0.0028035159,0.031980913,0.0010337599,0.00070156314,1.0,69
0.8087245,0.0073756143,0.005710901,0.1700733,0.0052048964,0.0029108538,1.0,70
0.8558904,0.008067299,0.006535331,0.11922993,0.0062378445,0.0040392694,1.0,71
0.9132943,0.014380262,0.0071741617,0.06098731,0.0025806488,0.001583295,1.0,72
0.9399956,0.009617389,0.008640167,0.03989427,0.001192677,0.0006598773,1.0,73
0.8281597,0.00601537,0.0057995915,0.15289061,0.0044042654,0.0027304608,1.0,74
0.96487063,0.009653132,0.017076174,0.006951447,0.000935689,0.0005129579,1.0,75
0.6320995,0.066848025,0.29711807,0.0016951651,0.0012320692,0.0010072658,1.0,76
0.91130865,0.053718165,0.018885098,0.014380651,0.0009560751,0.00075136207,1.0,77
0.71825063,0.006251722,0.005824192,0.25789458,0.0071102763,0.004668652,1.0,78
0.9460654,0.0045023398,0.032930218,0.015533749,0.0006092461,0.00035902415,1.0,79
0.6327424,0.18017878,0.1828969,0.0025469817,0.00079916266,0.00083574397,1.0,80
0.54570156,0.0014985056,0.0024551116,0.436909,0.0076237405,0.0058120852,1.0,81
0.93973964,0.03255911,0.009588079,0.016089281,0.0011569731,0.0008668698,1.0,82
0.94657326,0.022184284,0.024064962,0.0059333704,0.0007314029,0.0005127308,1.0,83
0.8690597,0.010893897,0.03713241,0.05961583,0.013323865,0.009974313,1.0,84
0.8279293,0.07163792,0.09336383,0.005485231,0.0008316051,0.0007520872,1.0,85
0.9415009,0.017446918,0.01600468,0.021687157,0.0018546329,0.0015057491,1.0,86
0.7861795,0.012843416,0.012352274,0.16529335,0.013252342,0.010079085,1.0,87
0.626554,0.2890088,0.08184482,0.0011810588,0.000642308,0.00076904637,1.0,88
0.8558667,0.008041885,0.0019292551,0.13039096,0.0022976296,0.0014736451,1.0,89
0.93719447,0.0038925435,0.011163091,0.045606446,0.0014170659,0.00072629086,1.0,90
0.941977,0.021970486,0.022069795,0.012946692,0.0005703415,0.00046572287,1.0,91
0.94086426,0.007072372,0.017845726,0.031892963,0.0014950689,0.00082961033,1.0,92
0.8910579,0.009953984,0.0040847445,0.09210128,0.0016594282,0.001142607,1.0,93
0.8567765,0.009933314,0.011549912,0.113515384,0.00487382,0.003351063,1.0,94
0.8889617,0.0710996,0.021841912,0.01729523,0.00042994265,0.00037168388,1.0,95
0.780245,0.14367323,0.07023425,0.0046414016,0.0006084908,0.0005976598,1.0,96
0.8715975,0.011342458,0.0025835796,0.1084492,0.0037023022,0.0023249104,1.0,97
0.95307994,0.0032095213,0.03304951,0.008221213,0.0016432739,0.00079655624,1.0,98
0.9131793,0.056343704,0.02146509,0.0076249177,0.000819101,0.00056787644,1.0,99
0.50833005,0.46837175,0.022721177,0.0003714405,7.063577e-05,0.00013488952,1.1,0
0.73462665,0.23177093,0.030760609,0.0022543198,0.00029804648,0.0002894002,1.1,1
0.9187009,0.07170229,0.006769848,0.0025172818,0.00017477931,0.00013487785,1.1,2
0.965003,0.013962652,0.016062768,0.0045053163,0.00029028053,0.00017598708,1.1,3
0.62349296,0.3166029,0.05532614,0.003565609,0.000424633,0.00058771786,1.1,4
0.9905345,0.0064015603,0.0010005232,0.0019735608,5.641375e-05,3.3480832e-05,1.1,5
0.85846126,0.09282932,0.046275564,0.0017219362,0.00039334624,0.00031855865,1.1,6
0.5281462,0.40106338,0.06917573,0.001075814,0.00020487657,0.00033395368,1.1,7
0.8238919,0.16367073,0.010945052,0.001071707,0.00023293849,0.00018770361,1.1,8
0.7201991,0.21558158,0.060480993,0.0029285643,0.00040122983,0.00040852604,1.1,9
0.60337746,0.3444187,0.05054587,0.0009060781,0.0003349473,0.00041692707,1.1,10
0.75101745,0.21192183,0.034008913,0.0023882664,0.000328196,0.0003354417,1.1,11
0.5685189,0.29486725,0.13469027,0.0010465137,0.00043816882,0.0004389227,1.1,12
0.8765842,0.09037442,0.030127756,0.002273416,0.000343054,0.00029719173,1.1,13
0.892305,0.09690844,0.0090698665,0.001362222,0.00019391006,0.00016057362,1.1,14
0.80661315,0.17249449,0.018616378,0.0017064931,0.0002938969,0.00027563033,1.1,15
0.9838301,0.009275979,0.0022288945,0.004428743,0.00015275892,8.345912e-05,1.1,16
0.774233,0.16779013,0.05387878,0.0032900204,0.0003900328,0.00041808982,1.1,17
0.6380501,0.2954325,0.064024255,0.0015640276,0.00041379547,0.0005153724,1.1,18
0.58689153,0.29092845,0.119510464,0.00092573575,0.0007826808,0.0009611511,1.1,19
0.8393138,0.14682111,0.011871266,0.0015389986,0.00023771235,0.00021705903,1.1,20
0.70058036,0.26864293,0.02921279,0.0010753688,0.00023413768,0.0002544799,1.1,21
0.95114195,0.033173777,0.00543577,0.009706444,0.00031339057,0.00022877076,1.1,22
0.95956576,0.022555264,0.015719818,0.0018550988,0.00018703956,0.00011702929,1.1,23
0.88290906,0.09894225,0.013444887,0.004274896,0.00023464928,0.00019428827,1.1,24
0.56921387,0.39561126,0.033852454,0.000813171,0.00020885476,0.00030036303,1.1,25
0.7314897,0.2533987,0.013415263,0.0012972994,0.0001947841,0.0002042479,1.1,26
0.895836,0.07876219,0.019741107,0.004854792,0.00044698178,0.00035889843,1.1,27
0.9390532,0.04185266,0.008212978,0.010040284,0.00048680208,0.00035412193,1.1,28
0.76790476,0.18834777,0.04158292,0.0015964725,0.00031215046,0.00025593748,1.1,29
0.6085662,0.32950112,0.060049385,0.0011554603,0.00034905647,0.00037871656,1.1,30
0.90172637,0.08773287,0.008840357,0.001425275,0.00015203319,0.00012308135,1.1,31
0.9818669,0.011975382,0.0025056,0.0035032635,9.0749396e-05,5.8084082e-05,1.1,32
0.923699,0.0065530227,0.0025260355,0.065026455,0.0013867192,0.00080878596,1.1,33
0.97541,0.008771685,0.0019476394,0.013518248,0.00021884104,0.00013358044,1.1,34
0.67864925,0.29136512,0.028183175,0.0012108099,0.00031109975,0.00028056995,1.1,35
0.7446144,0.22653946,0.026693853,0.0015587125,0.0002823243,0.00031122885,1.1,36
0.89865255,0.012960955,0.0044895103,0.08040642,0.0022140322,0.001276491,1.1,37
0.96114755,0.021898577,0.012396281,0.0038102106,0.00044625718,0.00030112188,1.1,38
0.4985861,0.47705603,0.023911577,0.00026383222,6.0161416e-05,0.0001223225,1.1,39
0.5298122,0.4436529,0.025525983,0.00063974387,0.00013858231,0.0002306136,1.1,40
0.7030513,0.26616526,0.028805666,0.0013570134,0.00031209172,0.00030857572,1.1,41
0.9778905,0.010578101,0.0061815213,0.0048924866,0.00028616283,0.00017125657,1.1,42
0.933011,0.057488337,0.005565558,0.003650603,0.00015984634,0.00012468304,1.1,43
0.6230152,0.24792086,0.126104,0.0018075696,0.0005428716,0.0006094896,1.1,44
0.6159946,0.3316026,0.050293572,0.0012727203,0.00036246303,0.00047406857,1.1,45
0.8562134,0.10486098,0.03578485,0.0024087352,0.00041988882,0.00031216734,1.1,46
0.921664,0.008397318,0.0020295526,0.06688204,0.00062607764,0.0004010097,1.1,47
0.8096158,0.17001233,0.017710444,0.0021514678,0.00025487022,0.00025513812,1.1,48
0.92102504,0.0038090523,0.011171225,0.062498815,0.0009775133,0.0005183651,1.1,49
0.9646914,0.009068911,0.0024167246,0.02274548,0.0007053237,0.00037221995,1.1,50
0.5185227,0.43864313,0.041942775,0.0005396863,0.00013083903,0.00022087677,1.1,51
0.87704384,0.012508823,0.002906898,0.10534056,0.0013079037,0.0008918825,1.1,52
0.50847787,0.42863277,0.061959796,0.00061295717,0.00012182016,0.00019474108,1.1,53
0.5608063,0.38017005,0.05735872,0.0010424235,0.00026563375,0.0003569558,1.1,54
0.91904724,0.0091224015,0.002776937,0.06685427,0.0013434578,0.0008557219,1.1,55
0.94879484,0.03317918,0.008691697,0.008663211,0.000399352,0.00027160926,1.1,56
0.5156908,0.44589424,0.037617054,0.00046691165,0.00013166283,0.00019942137,1.1,57
0.9490365,0.029597405,0.004535447,0.01602347,0.0004870411,0.00032019886,1.1,58
0.9690397,0.02330654,0.0060625533,0.0013542081,0.000141621,9.535399e-05,1.1,59
0.85450983,0.124531,0.014895616,0.0053162463,0.0003839295,0.00036329654,1.1,60
0.74878764,0.22356597,0.025637386,0.0013523886,0.0003017396,0.00035484013,1.1,61
0.6425389,0.33069205,0.025287477,0.00087269064,0.00027516848,0.00033375862,1.1,62
0.9084532,0.0068804184,0.0018798744,0.08113781,0.0010236249,0.0006249877,1.1,63
0.9538455,0.03203208,0.004369556,0.009209543,0.00030720065,0.00023611757,1.1,64
0.8485825,0.003727627,0.0011732038,0.14466375,0.0011581191,0.0006947933,1.1,65
0.837659,0.14623389,0.012212905,0.003346738,0.00026283352,0.00028465514,1.1,66
0.8514247,0.1353924,0.010651406,0.0020394358,0.00023359124,0.0002585411,1.1,67
0.85903084,0.11630013,0.019895805,0.0042139892,0.0002846769,0.00027458454,1.1,68
0.8874346,0.10085992,0.008837129,0.0022729894,0.00031988096,0.00027545105,1.1,69
0.7020684,0.2644535,0.031637385,0.0012481713,0.00026780856,0.00032474252,1.1,70
0.9525573,0.007749609,0.0042144842,0.034616023,0.0005578511,0.00030461155,1.1,71
0.9250784,0.06777284,0.005427764,0.0014666785,0.00014253744,0.00011174369,1.1,72
0.92244375,0.06623132,0.00650469,0.004422559,0.00022112833,0.00017664437,1.1,73
0.97604233,0.0029541429,0.0007907839,0.019840486,0.00024043214,0.00013177886,1.1,74
0.96751505,0.020438045,0.0054905782,0.006344915,0.00012394946,8.745228e-05,1.1,75
0.634353,0.29914773,0.06321142,0.002597552,0.0003236547,0.00036663708,1.1,76
0.5185111,0.44034353,0.040126286,0.00068293646,0.00013222276,0.00020392862,1.1,77
0.8161013,0.15686719,0.025197355,0.0011908887,0.00033249945,0.00031072623,1.1,78
0.8788506,0.003146129,0.0017737063,0.11461653,0.001047442,0.00056562433,1.1,79
0.87893903,0.10815496,0.009952253,0.0025767388,0.0002010136,0.0001760579,1.1,80
0.98341215,0.002374114,0.00060133636,0.013321101,0.0001894625,0.000101810474,1.1,81
0.9241916,0.06960704,0.0047810115,0.0012352242,0.000104526094,8.069176e-05,1.1,82
0.9777566,0.0071207243,0.0046131657,0.010112478,0.000248061,0.00014893292,1.1,83
0.8996384,0.09015972,0.00798645,0.0018882685,0.00017352647,0.0001535438,1.1,84
0.7390808,0.001905761,0.0008035467,0.25536096,0.0018152068,0.0010336394,1.1,85
0.95545465,0.005496168,0.0016599545,0.036432277,0.00064526114,0.0003117199,1.1,86
0.59981346,0.37246993,0.026250048,0.000867876,0.00025599005,0.00034263995,1.1,87
0.7902312,0.18878429,0.01887309,0.0015683775,0.0002668789,0.0002760803,1.1,88
0.9321854,0.05401704,0.01110797,0.0024727313,0.0001251642,9.156609e-05,1.1,89
0.50059885,0.4779817,0.021012211,0.0002535587,4.8231013e-05,0.00010547988,1.1,90
0.6760472,0.29335278,0.028899172,0.0010665499,0.00028883058,0.00034556116,1.1,91
0.9325826,0.04281767,0.018181877,0.0060274294,0.00022773731,0.00016263261,1.1,92
0.7674055,0.011738237,0.0028145257,0.21487227,0.0018310177,0.0013384196,1.1,93
0.8792175,0.11005252,0.007908367,0.0024880285,0.00017338798,0.00016024109,1.1,94
0.8109627,0.17878596,0.008750778,0.0011541926,0.00017921384,0.00016714314,1.1,95
0.80895245,0.1630706,0.02578596,0.0015152615,0.00036777163,0.00030789638,1.1,96
0.95874214,0.034010842,0.005509825,0.0013985668,0.00020306477,0.00013554927,1.1,97
0.9405308,0.048582446,0.0065119206,0.003986892,0.00021742343,0.00017053925,1.1,98
0.9099238,0.011742977,0.0037286265,0.07293122,0.0009887196,0.00068466656,1.1,99
0.037383355,0.8687,0.09240058,0.0009264209,0.0002492425,0.00034043688,1.2,0
0.7773633,0.20832634,0.012315167,0.0014073416,0.00031441616,0.00027337135,1.2,1
0.8169143,0.17095096,0.010470373,0.0013559153,0.00016059155,0.00014783621,1.2,2
0.5124042,0.44907063,0.03685405,0.0009850678,0.0003002847,0.00038579985,1.2,3
0.5805162,0.37315458,0.04404183,0.001373613,0.0004424655,0.00047135324,1.2,4
0.6649245,0.3217066,0.011621537,0.0009578676,0.0004131511,0.00037631806,1.2,5
0.9738916,0.013666174,0.0014968861,0.010595431,0.000221569,0.00012837998,1.2,6
0.8787025,0.10777696,0.011254865,0.0019754337,0.00016850929,0.00012164157,1.2,7
0.54324865,0.43760407,0.017594188,0.00094809255,0.00027150408,0.00033348362,1.2,8
0.2331948,0.74647015,0.019127699,0.000606946,0.000284237,0.00031616754,1.2,9
0.83272994,0.1576306,0.008101382,0.0012229482,0.00017282883,0.00014224714,1.2,10
0.9713696,0.025594613,0.0013773656,0.0014459967,0.00013727126,7.508352e-05,1.2,11
0.9140705,0.081419095,0.0031765257,0.0010998279,0.0001397174,9.436213e-05,1.2,12
0.87240416,0.108703546,0.015495858,0.003044027,0.00019642085,0.00015599238,1.2,13
0.77710366,0.20487764,0.016050806,0.0015702574,0.00020944866,0.000188203,1.2,14
0.31990156,0.6395796,0.03799958,0.0011257143,0.0007092752,0.00068431697,1.2,15
0.86519134,0.12805475,0.005485517,0.0009707495,0.00016551433,0.00013211132,1.2,16
0.97825295,0.018621422,0.0011274597,0.0018434195,9.692111e-05,5.7898702e-05,1.2,17
0.9137862,0.078457706,0.0053608185,0.002153777,0.00013760992,0.00010404796,1.2,18
0.54078823,0.42888862,0.028339183,0.0009933787,0.00052213995,0.00046851294,1.2,19
0.88409483,0.10998211,0.0043886914,0.0012261359,0.00018052975,0.00012763956,1.2,20
0.531579,0.4422744,0.024462083,0.000792026,0.00044683862,0.00044571856,1.2,21
0.3048122,0.6485954,0.045002047,0.00073577475,0.00039084314,0.0004637093,1.2,22
0.43841937,0.34561098,0.2122267,0.0027981778,0.0003697858,0.0005750002,1.2,23
0.93417656,0.0601036,0.003756169,0.0016810831,0.00016824249,0.00011445326,1.2,24
0.7036005,0.2795084,0.015460757,0.00101196,0.000213661,0.00020471198,1.2,25
0.2840216,0.67630845,0.037876718,0.0008783004,0.0004943096,0.00042063103,1.2,26
0.9598813,0.03717588,0.0017450063,0.0009789441,0.000131165,8.7770684e-05,1.2,27
0.773485,0.21424909,0.010512589,0.0013803125,0.00018192065,0.00019112446,1.2,28
0.8995017,0.093900174,0.004903654,0.0014136198,0.00015627933,0.00012451792,1.2,29
0.38574696,0.59649664,0.016784612,0.00042672665,0.00029409002,0.00025097374,1.2,30
0.8924052,0.092114404,0.01159137,0.0035424498,0.00018807023,0.0001584279,1.2,31
0.7938992,0.19286948,0.011345301,0.0014164047,0.00026729677,0.0002023197,1.2,32
0.88651913,0.10502994,0.0063761077,0.0017772266,0.00016874365,0.00012888548,1.2,33
0.83311397,0.15243767,0.0125846835,0.0015346518,0.00017879029,0.0001501606,1.2,34
0.9457513,0.042226933,0.0026747547,0.008836883,0.00030247116,0.00020773904,1.2,35
0.9798595,0.0159229,0.001521624,0.0024882394,0.00013417145,7.3579446e-05,1.2,36
0.6448738,0.32200515,0.03128014,0.0012240229,0.0002907637,0.00032616014,1.2,37
0.6300025,0.33666348,0.031537183,0.0010384324,0.00036076887,0.00039763574,1.2,38
0.822178,0.16916941,0.007365411,0.00094883837,0.00019493239,0.00014338715,1.2,39
0.916314,0.07842356,0.0036627185,0.0013867865,0.00012755708,8.539151e-05,1.2,40
0.97898686,0.016758813,0.0014854288,0.0025609494,0.00013433129,7.365632e-05,1.2,41
0.80599964,0.18427551,0.0080568725,0.0012426227,0.00024910338,0.00017625217,1.2,42
0.8183005,0.17068426,0.008977059,0.0016556728,0.00022132519,0.00016111005,1.2,43
0.8502558,0.13558097,0.011276998,0.0025190671,0.0001926528,0.00017451865,1.2,44
0.5443804,0.4328934,0.021004869,0.00086112064,0.00046911073,0.00039111386,1.2,45
0.3255062,0.63087726,0.04019512,0.0023239972,0.000586818,0.000510578,1.2,46
0.6938751,0.2950405,0.009343983,0.0010432814,0.00037185918,0.00032524683,1.2,47
0.6265155,0.33261555,0.038814005,0.0013479249,0.0003406157,0.0003663823,1.2,48
0.7223351,0.24459618,0.030804845,0.0014311835,0.00041549816,0.00041723292,1.2,49
0.92265546,0.07170586,0.0026799077,0.0025904942,0.00021431941,0.00015393665,1.2,50
0.9352623,0.056048613,0.003971851,0.0043570893,0.00020390128,0.00015616951,1.2,51
0.84217,0.14741585,0.008488336,0.0016174465,0.00016941762,0.0001390263,1.2,52
0.9717376,0.025616372,0.0013793118,0.001084031,0.000115179544,6.743705e-05,1.2,53
0.88496745,0.109236084,0.004252823,0.0012323973,0.00017950323,0.00013175288,1.2,54
0.52528584,0.43285677,0.039887484,0.0012864076,0.00031768822,0.00036587322,1.2,55
0.72977096,0.25797728,0.010420674,0.001178221,0.0003602087,0.00029262868,1.2,56
0.8982874,0.091793254,0.0069002523,0.0026582705,0.00021653814,0.00014417873,1.2,57
0.81215954,0.17812067,0.008152029,0.001268269,0.00016531665,0.00013424945,1.2,58
0.78580207,0.20339361,0.009052834,0.0013559477,0.00020913905,0.00018639024,1.2,59
0.5317314,0.44893065,0.017715191,0.00084866164,0.000399328,0.00037474826,1.2,60
0.62989634,0.3486197,0.020076774,0.0007717258,0.00030291974,0.0003325068,1.2,61
0.055838615,0.8962289,0.04674209,0.0005157859,0.00029927056,0.00037536595,1.2,62
0.76535225,0.22022298,0.013092427,0.0009592479,0.00019577386,0.00017735409,1.2,63
0.9226802,0.07179744,0.0036535966,0.0016391649,0.00013191495,9.7659286e-05,1.2,64
0.6332886,0.34453422,0.020156618,0.0011282689,0.0005041267,0.0003880774,1.2,65
0.92017853,0.06404615,0.011559524,0.003831782,0.00022661843,0.0001573352,1.2,66
0.8552965,0.1340623,0.009042529,0.0012671591,0.00018077983,0.00015077787,1.2,67
0.72022176,0.2654934,0.012389684,0.0012085905,0.00039046752,0.00029606948,1.2,68
0.89448285,0.097135425,0.006696886,0.0013675672,0.00018559536,0.00013173578,1.2,69
0.69637877,0.29063928,0.011395399,0.0010970228,0.0002595499,0.00022998176,1.2,70
0.77084196,0.22004527,0.006981349,0.0015413392,0.00031896587,0.0002711347,1.2,71
0.86579186,0.121119015,0.010620042,0.0020465131,0.00023421033,0.000188364,1.2,72
0.700025,0.27971262,0.018418925,0.0013092643,0.00029193328,0.00024221065,1.2,73
0.9689213,0.021928418,0.0032103967,0.0056738453,0.00016354569,0.00010257759,1.2,74
0.93321407,0.060045157,0.0035534683,0.0028014048,0.00019954289,0.00018639956,1.2,75
0.9270681,0.06892612,0.002762512,0.0009938753,0.0001536023,9.5893745e-05,1.2,76
0.6088459,0.37262955,0.017038323,0.0009209848,0.00029332892,0.00027189706,1.2,77
0.73996294,0.24521643,0.013237224,0.0010911681,0.0002503457,0.00024190664,1.2,78
0.6505163,0.33535263,0.012843702,0.0007968564,0.00022867191,0.0002619081,1.2,79
0.9019371,0.093185596,0.0034278282,0.0011481297,0.00017874756,0.00012257799,1.2,80
0.49968982,0.45963323,0.040099766,0.0003293514,7.8951336e-05,0.00016894206,1.2,81
0.91333854,0.0797168,0.004918528,0.001793941,0.00013528264,9.687775e-05,1.2,82
0.48599437,0.49414244,0.018685803,0.0005520703,0.0002836252,0.0003417781,1.2,83
0.9758122,0.0050587165,0.001824191,0.016957471,0.00023163352,0.00011574005,1.2,84
0.43411922,0.53070074,0.033835802,0.00062672235,0.00036434253,0.0003531507,1.2,85
0.76221585,0.22469507,0.011527561,0.001097268,0.00023875487,0.00022552206,1.2,86
0.69576037,0.28832918,0.014319472,0.0010577905,0.00028900083,0.0002442303,1.2,87
0.42209867,0.5481711,0.028811183,0.0005412998,0.00018908437,0.00018858002,1.2,88
0.9176629,0.06753102,0.01233769,0.0022690878,0.00011639835,8.291732e-05,1.2,89
0.92963326,0.0634685,0.0036244825,0.0030079652,0.00015072094,0.0001150836,1.2,90
0.62528855,0.31505135,0.05743721,0.0013448729,0.0004029331,0.00047508735,1.2,91
0.9692931,0.021834096,0.001972349,0.0066003725,0.00017869775,0.00012139356,1.2,92
0.9662412,0.004909984,0.0006314502,0.02762685,0.00037952242,0.00021103155,1.2,93
0.5473765,0.39942855,0.051304374,0.0011453084,0.0003197237,0.00042559556,1.2,94
0.5118393,0.4481108,0.038235087,0.0010045192,0.00038291037,0.00042748728,1.2,95
0.7982005,0.18778718,0.012538984,0.0010918664,0.00020679718,0.00017463986,1.2,96
0.7792702,0.20743683,0.011632168,0.0013367471,0.0001700573,0.00015405458,1.2,97
0.46141824,0.51267,0.025358174,0.00029409787,9.857004e-05,0.00016091441,1.2,98
0.424245,0.5550451,0.019122493,0.00074875227,0.00040803506,0.00043061015,1.2,99
