fpr,tpr,thresholds,auc,ews,scale
0.0,0.0,inf,0.9639,DL bif,0.8
0.0,0.01,0.52496685772,0.9639,DL bif,0.8
0.0,0.7,0.46976952757600005,0.9639,DL bif,0.8
0.01,0.7,0.4695599786,0.9639,DL bif,0.8
0.01,0.78,0.45559090327,0.9639,DL bif,0.8
0.02,0.78,0.4492932089,0.9639,DL bif,0.8
0.02,0.83,0.4275419244,0.9639,DL bif,0.8
0.04,0.83,0.42476794049999994,0.9639,DL bif,0.8
0.04,0.85,0.41723343316,0.9639,DL bif,0.8
0.05,0.85,0.4132611352,0.9639,DL bif,0.8
0.05,0.87,0.40463325602,0.9639,DL bif,0.8
0.07,0.87,0.39536357401999994,0.9639,DL bif,0.8
0.07,0.88,0.39142266706999995,0.9639,DL bif,0.8
0.08,0.88,0.3884413464,0.9639,DL bif,0.8
0.08,0.89,0.38350215566,0.9639,DL bif,0.8
0.09,0.89,0.3795689755,0.9639,DL bif,0.8
0.09,0.9,0.37843333679999996,0.9639,DL bif,0.8
0.1,0.9,0.3742145844,0.9639,DL bif,0.8
0.1,0.92,0.37070653637,0.9639,DL bif,0.8
0.13,0.92,0.35899876499999994,0.9639,DL bif,0.8
0.13,0.93,0.35740371649999997,0.9639,DL bif,0.8
0.2,0.93,0.30322794999999997,0.9639,DL bif,0.8
0.2,0.94,0.29162710410000003,0.9639,DL bif,0.8
0.24,0.94,0.2848537471,0.9639,DL bif,0.8
0.24,0.95,0.28150308804,0.9639,DL bif,0.8
0.25,0.95,0.28134636939999996,0.9639,DL bif,0.8
0.25,0.96,0.27990978930000004,0.9639,DL bif,0.8
0.34,0.96,0.260697844,0.9639,DL bif,0.8
0.34,0.97,0.26015481870000007,0.9639,DL bif,0.8
0.41,0.97,0.233338892,0.9639,DL bif,0.8
0.41,0.98,0.2193657798,0.9639,DL bif,0.8
0.47,0.98,0.20405570269999998,0.9639,DL bif,0.8
0.47,0.99,0.2001331998,0.9639,DL bif,0.8
0.77,0.99,0.1230989835,0.9639,DL bif,0.8
0.77,1.0,0.11942579464,0.9639,DL bif,0.8
1.0,1.0,0.056862283500000006,0.9639,DL bif,0.8
0.0,0.0,inf,0.4965,Variance,0.8
0.0,0.01,0.8803418803418802,0.4965,Variance,0.8
0.01,0.01,0.8647130647130646,0.4965,Variance,0.8
0.01,0.03,0.8202686202686202,0.4965,Variance,0.8
0.05,0.03,0.7382173382173381,0.4965,Variance,0.8
0.05,0.04,0.7216117216117216,0.4965,Variance,0.8
0.07,0.04,0.7098901098901098,0.4965,Variance,0.8
0.07,0.07,0.6967032967032967,0.4965,Variance,0.8
0.1,0.07,0.6454212454212453,0.4965,Variance,0.8
0.1,0.08,0.6385836385836385,0.4965,Variance,0.8
0.11,0.08,0.6263736263736263,0.4965,Variance,0.8
0.11,0.12,0.5785103785103785,0.4965,Variance,0.8
0.12,0.12,0.5731379731379731,0.4965,Variance,0.8
0.12,0.13,0.5609279609279609,0.4965,Variance,0.8
0.13,0.13,0.55995115995116,0.4965,Variance,0.8
0.14,0.14,0.5560439560439561,0.4965,Variance,0.8
0.14,0.15,0.5443223443223444,0.4965,Variance,0.8
0.16,0.15,0.5345543345543345,0.4965,Variance,0.8
0.16,0.16,0.5321123321123321,0.4965,Variance,0.8
0.18,0.16,0.5155067155067155,0.4965,Variance,0.8
0.18,0.17,0.5047619047619047,0.4965,Variance,0.8
0.19,0.17,0.4925518925518925,0.4965,Variance,0.8
0.19,0.19,0.4857142857142856,0.4965,Variance,0.8
0.21,0.19,0.4818070818070817,0.4965,Variance,0.8
0.21,0.2,0.4813186813186813,0.4965,Variance,0.8
0.24,0.2,0.4715506715506715,0.4965,Variance,0.8
0.24,0.21,0.4652014652014651,0.4965,Variance,0.8
0.25,0.21,0.4539682539682539,0.4965,Variance,0.8
0.25,0.22,0.4393162393162392,0.4965,Variance,0.8
0.27,0.22,0.4378510378510378,0.4965,Variance,0.8
0.27,0.25,0.4251526251526251,0.4965,Variance,0.8
0.29,0.25,0.4051282051282051,0.4965,Variance,0.8
0.29,0.27,0.3836385836385836,0.4965,Variance,0.8
0.32,0.27,0.3499389499389499,0.4965,Variance,0.8
0.32,0.28,0.3445665445665445,0.4965,Variance,0.8
0.36,0.28,0.3108669108669108,0.4965,Variance,0.8
0.36,0.29,0.302075702075702,0.4965,Variance,0.8
0.37,0.29,0.2771672771672772,0.4965,Variance,0.8
0.37,0.3,0.2683760683760683,0.4965,Variance,0.8
0.39,0.3,0.2634920634920634,0.4965,Variance,0.8
0.39,0.31,0.2571428571428571,0.4965,Variance,0.8
0.4,0.31,0.2561660561660561,0.4965,Variance,0.8
0.4,0.32,0.2483516483516483,0.4965,Variance,0.8
0.42,0.32,0.2268620268620268,0.4965,Variance,0.8
0.42,0.34,0.219047619047619,0.4965,Variance,0.8
0.42,0.36,0.1736263736263736,0.4965,Variance,0.8
0.43,0.36,0.1706959706959707,0.4965,Variance,0.8
0.43,0.38,0.1448107448107448,0.4965,Variance,0.8
0.44,0.38,0.1252747252747252,0.4965,Variance,0.8
0.44,0.4,0.1145299145299145,0.4965,Variance,0.8
0.45,0.4,0.1028083028083028,0.4965,Variance,0.8
0.45,0.41,0.0979242979242979,0.4965,Variance,0.8
0.46,0.41,0.0676434676434676,0.4965,Variance,0.8
0.46,0.43,0.0305250305250305,0.4965,Variance,0.8
0.47,0.43,0.0246642246642246,0.4965,Variance,0.8
0.47,0.48,-0.0578754578754578,0.4965,Variance,0.8
0.48,0.48,-0.0705738705738705,0.4965,Variance,0.8
0.48,0.49,-0.1003663003663003,0.4965,Variance,0.8
0.49,0.49,-0.1013431013431013,0.4965,Variance,0.8
0.49,0.5,-0.1037851037851037,0.4965,Variance,0.8
0.53,0.5,-0.1272283272283272,0.4965,Variance,0.8
0.53,0.54,-0.1492063492063492,0.4965,Variance,0.8
0.54,0.54,-0.1496947496947497,0.4965,Variance,0.8
0.54,0.55,-0.1565323565323565,0.4965,Variance,0.8
0.58,0.55,-0.1873015873015872,0.4965,Variance,0.8
0.58,0.56,-0.1946275946275946,0.4965,Variance,0.8
0.59,0.56,-0.2112332112332112,0.4965,Variance,0.8
0.59,0.61,-0.2805860805860806,0.4965,Variance,0.8
0.6,0.62,-0.282051282051282,0.4965,Variance,0.8
0.6,0.65,-0.3045177045177045,0.4965,Variance,0.8
0.63,0.65,-0.3157509157509157,0.4965,Variance,0.8
0.63,0.68,-0.326984126984127,0.4965,Variance,0.8
0.64,0.68,-0.3352869352869352,0.4965,Variance,0.8
0.64,0.69,-0.3465201465201465,0.4965,Variance,0.8
0.65,0.69,-0.3509157509157509,0.4965,Variance,0.8
0.65,0.7,-0.3538461538461538,0.4965,Variance,0.8
0.66,0.7,-0.365079365079365,0.4965,Variance,0.8
0.66,0.71,-0.3738705738705738,0.4965,Variance,0.8
0.71,0.71,-0.4168498168498168,0.4965,Variance,0.8
0.71,0.74,-0.4568986568986569,0.4965,Variance,0.8
0.72,0.74,-0.4637362637362637,0.4965,Variance,0.8
0.72,0.76,-0.4803418803418803,0.4965,Variance,0.8
0.73,0.76,-0.4852258852258851,0.4965,Variance,0.8
0.73,0.77,-0.4871794871794871,0.4965,Variance,0.8
0.74,0.77,-0.5037851037851038,0.4965,Variance,0.8
0.74,0.8,-0.5330891330891331,0.4965,Variance,0.8
0.78,0.8,-0.5838827838827838,0.4965,Variance,0.8
0.78,0.83,-0.6126984126984126,0.4965,Variance,0.8
0.79,0.83,-0.6131868131868131,0.4965,Variance,0.8
0.79,0.84,-0.6175824175824175,0.4965,Variance,0.8
0.81,0.84,-0.6312576312576312,0.4965,Variance,0.8
0.81,0.85,-0.6405372405372405,0.4965,Variance,0.8
0.83,0.85,-0.6444444444444444,0.4965,Variance,0.8
0.83,0.87,-0.6527472527472528,0.4965,Variance,0.8
0.85,0.87,-0.6634920634920635,0.4965,Variance,0.8
0.85,0.88,-0.6644688644688644,0.4965,Variance,0.8
0.87,0.88,-0.6844932844932845,0.4965,Variance,0.8
0.87,0.91,-0.7094017094017093,0.4965,Variance,0.8
0.88,0.91,-0.7108669108669108,0.4965,Variance,0.8
0.88,0.95,-0.7245421245421245,0.4965,Variance,0.8
0.95,0.95,-0.7670329670329671,0.4965,Variance,0.8
0.95,0.97,-0.787057387057387,0.4965,Variance,0.8
0.97,0.97,-0.8173382173382173,0.4965,Variance,0.8
0.97,0.98,-0.8246642246642246,0.4965,Variance,0.8
0.99,0.98,-0.8398046398046397,0.4965,Variance,0.8
0.99,1.0,-0.8417582417582417,0.4965,Variance,0.8
1.0,1.0,-0.8485958485958486,0.4965,Variance,0.8
0.0,0.0,inf,0.9667500000000001,Lag-1 AC,0.8
0.0,0.01,0.95018315018315,0.9667500000000001,Lag-1 AC,0.8
0.0,0.11,0.9155067155067156,0.9667500000000001,Lag-1 AC,0.8
0.0,0.13,0.913064713064713,0.9667500000000001,Lag-1 AC,0.8
0.0,0.34,0.8554334554334554,0.9667500000000001,Lag-1 AC,0.8
0.0,0.36,0.8544566544566544,0.9667500000000001,Lag-1 AC,0.8
0.0,0.42,0.8344322344322344,0.9667500000000001,Lag-1 AC,0.8
0.0,0.44,0.8295482295482295,0.9667500000000001,Lag-1 AC,0.8
0.0,0.46,0.8285714285714285,0.9667500000000001,Lag-1 AC,0.8
0.0,0.48,0.8246642246642246,0.9667500000000001,Lag-1 AC,0.8
0.0,0.49,0.8222222222222222,0.9667500000000001,Lag-1 AC,0.8
0.0,0.51,0.8188034188034188,0.9667500000000001,Lag-1 AC,0.8
0.0,0.54,0.8085470085470086,0.9667500000000001,Lag-1 AC,0.8
0.01,0.54,0.7987789987789987,0.9667500000000001,Lag-1 AC,0.8
0.01,0.6,0.7782661782661783,0.9667500000000001,Lag-1 AC,0.8
0.02,0.6,0.7733821733821734,0.9667500000000001,Lag-1 AC,0.8
0.02,0.62,0.7665445665445666,0.9667500000000001,Lag-1 AC,0.8
0.03,0.62,0.7592185592185591,0.9667500000000001,Lag-1 AC,0.8
0.03,0.63,0.7582417582417581,0.9667500000000001,Lag-1 AC,0.8
0.04,0.64,0.7567765567765566,0.9667500000000001,Lag-1 AC,0.8
0.05,0.64,0.7518925518925518,0.9667500000000001,Lag-1 AC,0.8
0.05,0.67,0.7455433455433454,0.9667500000000001,Lag-1 AC,0.8
0.06,0.67,0.745054945054945,0.9667500000000001,Lag-1 AC,0.8
0.06,0.69,0.7435897435897435,0.9667500000000001,Lag-1 AC,0.8
0.06,0.71,0.7391941391941391,0.9667500000000001,Lag-1 AC,0.8
0.06,0.76,0.7123321123321122,0.9667500000000001,Lag-1 AC,0.8
0.06,0.78,0.7079365079365079,0.9667500000000001,Lag-1 AC,0.8
0.06,0.82,0.701098901098901,0.9667500000000001,Lag-1 AC,0.8
0.06,0.84,0.6927960927960928,0.9667500000000001,Lag-1 AC,0.8
0.06,0.89,0.6854700854700855,0.9667500000000001,Lag-1 AC,0.8
0.08,0.89,0.6634920634920635,0.9667500000000001,Lag-1 AC,0.8
0.08,0.94,0.6293040293040292,0.9667500000000001,Lag-1 AC,0.8
0.09,0.94,0.6278388278388277,0.9667500000000001,Lag-1 AC,0.8
0.09,0.95,0.6092796092796092,0.9667500000000001,Lag-1 AC,0.8
0.17,0.95,0.4866910866910866,0.9667500000000001,Lag-1 AC,0.8
0.17,0.96,0.4764346764346764,0.9667500000000001,Lag-1 AC,0.8
0.19,0.96,0.4432234432234432,0.9667500000000001,Lag-1 AC,0.8
0.19,0.97,0.4412698412698412,0.9667500000000001,Lag-1 AC,0.8
0.25,0.97,0.3655677655677655,0.9667500000000001,Lag-1 AC,0.8
0.25,0.98,0.325030525030525,0.9667500000000001,Lag-1 AC,0.8
0.29,0.98,0.2493284493284493,0.9667500000000001,Lag-1 AC,0.8
0.29,0.99,0.2454212454212454,0.9667500000000001,Lag-1 AC,0.8
0.3,0.99,0.2205128205128204,0.9667500000000001,Lag-1 AC,0.8
0.3,1.0,0.1873015873015872,0.9667500000000001,Lag-1 AC,0.8
0.85,1.0,-0.5731379731379731,0.9667500000000001,Lag-1 AC,0.8
0.87,1.0,-0.5746031746031746,0.9667500000000001,Lag-1 AC,0.8
1.0,1.0,-0.7499389499389498,0.9667500000000001,Lag-1 AC,0.8
0.0,0.0,inf,0.981,DL bif,0.9
0.0,0.01,0.9987858524039999,0.981,DL bif,0.9
0.0,0.81,0.48597947903999994,0.981,DL bif,0.9
0.01,0.81,0.4853671234,0.981,DL bif,0.9
0.01,0.93,0.46052047189,0.981,DL bif,0.9
0.02,0.93,0.455898969,0.981,DL bif,0.9
0.02,0.97,0.43467629603,0.981,DL bif,0.9
0.1,0.97,0.378298486,0.981,DL bif,0.9
0.1,0.98,0.36379720812999994,0.981,DL bif,0.9
0.68,0.98,0.12915780670000002,0.981,DL bif,0.9
0.68,0.99,0.12894487935,0.981,DL bif,0.9
0.92,0.99,0.0736310775,0.981,DL bif,0.9
0.92,1.0,0.0714979468,0.981,DL bif,0.9
1.0,1.0,0.02519597416,0.981,DL bif,0.9
0.0,0.0,inf,0.69655,Variance,0.9
0.0,0.01,0.8876678876678876,0.69655,Variance,0.9
0.0,0.08,0.8368742368742368,0.69655,Variance,0.9
0.01,0.09,0.8148962148962149,0.69655,Variance,0.9
0.01,0.12,0.8061050061050061,0.69655,Variance,0.9
0.04,0.12,0.7943833943833943,0.69655,Variance,0.9
0.04,0.2,0.7523809523809523,0.69655,Variance,0.9
0.09,0.2,0.7191697191697192,0.69655,Variance,0.9
0.09,0.22,0.703052503052503,0.69655,Variance,0.9
0.1,0.22,0.7025641025641025,0.69655,Variance,0.9
0.1,0.33,0.6278388278388277,0.69655,Variance,0.9
0.11,0.33,0.6263736263736263,0.69655,Variance,0.9
0.11,0.34,0.6175824175824175,0.69655,Variance,0.9
0.13,0.34,0.6151404151404151,0.69655,Variance,0.9
0.13,0.37,0.6029304029304029,0.69655,Variance,0.9
0.14,0.37,0.6004884004884005,0.69655,Variance,0.9
0.14,0.39,0.5755799755799755,0.69655,Variance,0.9
0.16,0.39,0.5628815628815629,0.69655,Variance,0.9
0.16,0.42,0.5345543345543345,0.69655,Variance,0.9
0.17,0.42,0.5296703296703297,0.69655,Variance,0.9
0.18,0.43,0.5286935286935286,0.69655,Variance,0.9
0.18,0.44,0.5223443223443223,0.69655,Variance,0.9
0.19,0.44,0.5189255189255189,0.69655,Variance,0.9
0.19,0.48,0.5106227106227106,0.69655,Variance,0.9
0.2,0.48,0.4993894993894993,0.69655,Variance,0.9
0.2,0.52,0.4329670329670329,0.69655,Variance,0.9
0.21,0.52,0.428083028083028,0.69655,Variance,0.9
0.21,0.53,0.4241758241758241,0.69655,Variance,0.9
0.22,0.53,0.4207570207570207,0.69655,Variance,0.9
0.22,0.54,0.4183150183150182,0.69655,Variance,0.9
0.25,0.54,0.3924297924297924,0.69655,Variance,0.9
0.25,0.62,0.3372405372405372,0.69655,Variance,0.9
0.27,0.62,0.3162393162393162,0.69655,Variance,0.9
0.27,0.64,0.3059829059829059,0.69655,Variance,0.9
0.32,0.64,0.2522588522588522,0.69655,Variance,0.9
0.32,0.65,0.2478632478632478,0.69655,Variance,0.9
0.37,0.65,0.218070818070818,0.69655,Variance,0.9
0.37,0.68,0.1711843711843712,0.69655,Variance,0.9
0.39,0.68,0.136996336996337,0.69655,Variance,0.9
0.39,0.7,0.1345543345543345,0.69655,Variance,0.9
0.41,0.7,0.0876678876678876,0.69655,Variance,0.9
0.42,0.71,0.0666666666666666,0.69655,Variance,0.9
0.42,0.72,0.0632478632478632,0.69655,Variance,0.9
0.46,0.72,0.0515262515262515,0.69655,Variance,0.9
0.46,0.73,0.0437118437118437,0.69655,Variance,0.9
0.47,0.73,0.0217338217338217,0.69655,Variance,0.9
0.47,0.74,0.0212454212454212,0.69655,Variance,0.9
0.49,0.74,0.0065934065934065,0.69655,Variance,0.9
0.49,0.77,-0.0017094017094017,0.69655,Variance,0.9
0.5,0.77,-0.0139194139194139,0.69655,Variance,0.9
0.5,0.78,-0.0144078144078144,0.69655,Variance,0.9
0.51,0.78,-0.0261294261294261,0.69655,Variance,0.9
0.51,0.8,-0.0725274725274725,0.69655,Variance,0.9
0.52,0.8,-0.0744810744810744,0.69655,Variance,0.9
0.52,0.81,-0.1101343101343101,0.69655,Variance,0.9
0.54,0.81,-0.135042735042735,0.69655,Variance,0.9
0.56,0.81,-0.1384615384615384,0.69655,Variance,0.9
0.59,0.81,-0.1946275946275946,0.69655,Variance,0.9
0.59,0.82,-0.2102564102564102,0.69655,Variance,0.9
0.63,0.82,-0.2371184371184371,0.69655,Variance,0.9
0.63,0.83,-0.2473748473748473,0.69655,Variance,0.9
0.66,0.83,-0.3006105006105006,0.69655,Variance,0.9
0.66,0.84,-0.3094017094017093,0.69655,Variance,0.9
0.7,0.84,-0.3518925518925518,0.69655,Variance,0.9
0.7,0.85,-0.3601953601953602,0.69655,Variance,0.9
0.71,0.85,-0.3675213675213675,0.69655,Variance,0.9
0.71,0.88,-0.3885225885225885,0.69655,Variance,0.9
0.72,0.88,-0.4095238095238095,0.69655,Variance,0.9
0.72,0.89,-0.4124542124542124,0.69655,Variance,0.9
0.8,0.89,-0.4969474969474969,0.69655,Variance,0.9
0.8,0.92,-0.557997557997558,0.69655,Variance,0.9
0.84,0.92,-0.5765567765567765,0.69655,Variance,0.9
0.84,0.93,-0.5799755799755799,0.69655,Variance,0.9
0.85,0.93,-0.5848595848595848,0.69655,Variance,0.9
0.85,0.94,-0.5931623931623932,0.69655,Variance,0.9
0.89,0.94,-0.6200244200244199,0.69655,Variance,0.9
0.89,0.95,-0.6507936507936508,0.69655,Variance,0.9
0.91,0.95,-0.6844932844932845,0.69655,Variance,0.9
0.91,0.96,-0.6879120879120879,0.69655,Variance,0.9
0.94,0.96,-0.724053724053724,0.69655,Variance,0.9
0.94,1.0,-0.7523809523809523,0.69655,Variance,0.9
1.0,1.0,-0.8901098901098901,0.69655,Variance,0.9
0.0,0.0,inf,0.9775999999999999,Lag-1 AC,0.9
0.0,0.01,0.9775335775335774,0.9775999999999999,Lag-1 AC,0.9
0.0,0.11,0.9438339438339438,0.9775999999999999,Lag-1 AC,0.9
0.0,0.13,0.941880341880342,0.9775999999999999,Lag-1 AC,0.9
0.0,0.2,0.9296703296703296,0.9775999999999999,Lag-1 AC,0.9
0.0,0.22,0.9267399267399268,0.9775999999999999,Lag-1 AC,0.9
0.0,0.29,0.9145299145299144,0.9775999999999999,Lag-1 AC,0.9
0.0,0.31,0.913064713064713,0.9775999999999999,Lag-1 AC,0.9
0.0,0.34,0.9042735042735044,0.9775999999999999,Lag-1 AC,0.9
0.0,0.36,0.9032967032967032,0.9775999999999999,Lag-1 AC,0.9
0.0,0.39,0.896947496947497,0.9775999999999999,Lag-1 AC,0.9
0.0,0.41,0.895970695970696,0.9775999999999999,Lag-1 AC,0.9
0.0,0.48,0.8778998778998778,0.9775999999999999,Lag-1 AC,0.9
0.0,0.5,0.8735042735042734,0.9775999999999999,Lag-1 AC,0.9
0.0,0.52,0.8622710622710622,0.9775999999999999,Lag-1 AC,0.9
0.0,0.54,0.8608058608058607,0.9775999999999999,Lag-1 AC,0.9
0.0,0.64,0.8241758241758241,0.9775999999999999,Lag-1 AC,0.9
0.01,0.64,0.8236874236874236,0.9775999999999999,Lag-1 AC,0.9
0.01,0.67,0.8114774114774115,0.9775999999999999,Lag-1 AC,0.9
0.02,0.67,0.8085470085470086,0.9775999999999999,Lag-1 AC,0.9
0.02,0.69,0.8056166056166056,0.9775999999999999,Lag-1 AC,0.9
0.02,0.71,0.8017094017094016,0.9775999999999999,Lag-1 AC,0.9
0.02,0.74,0.7787545787545788,0.9775999999999999,Lag-1 AC,0.9
0.03,0.74,0.7768009768009768,0.9775999999999999,Lag-1 AC,0.9
0.03,0.76,0.7660561660561661,0.9775999999999999,Lag-1 AC,0.9
0.04,0.77,0.7645909645909645,0.9775999999999999,Lag-1 AC,0.9
0.04,0.81,0.7572649572649571,0.9775999999999999,Lag-1 AC,0.9
0.04,0.83,0.7465201465201464,0.9775999999999999,Lag-1 AC,0.9
0.04,0.89,0.7216117216117216,0.9775999999999999,Lag-1 AC,0.9
0.07,0.89,0.7064713064713064,0.9775999999999999,Lag-1 AC,0.9
0.07,0.91,0.6932844932844933,0.9775999999999999,Lag-1 AC,0.9
0.08,0.91,0.6703296703296703,0.9775999999999999,Lag-1 AC,0.9
0.08,0.92,0.6644688644688644,0.9775999999999999,Lag-1 AC,0.9
0.1,0.92,0.6322344322344322,0.9775999999999999,Lag-1 AC,0.9
0.11,0.93,0.6043956043956044,0.9775999999999999,Lag-1 AC,0.9
0.11,0.94,0.6024420024420024,0.9775999999999999,Lag-1 AC,0.9
0.12,0.94,0.5892551892551893,0.9775999999999999,Lag-1 AC,0.9
0.12,0.96,0.577045177045177,0.9775999999999999,Lag-1 AC,0.9
0.13,0.96,0.5667887667887668,0.9775999999999999,Lag-1 AC,0.9
0.13,0.97,0.5247863247863247,0.9775999999999999,Lag-1 AC,0.9
0.15,0.97,0.5145299145299145,0.9775999999999999,Lag-1 AC,0.9
0.15,0.99,0.5062271062271062,0.9775999999999999,Lag-1 AC,0.9
0.39,0.99,0.1736263736263736,0.9775999999999999,Lag-1 AC,0.9
0.39,1.0,0.1628815628815628,0.9775999999999999,Lag-1 AC,0.9
0.41,1.0,0.1345543345543345,0.9775999999999999,Lag-1 AC,0.9
0.43,1.0,0.1115995115995116,0.9775999999999999,Lag-1 AC,0.9
0.55,1.0,-0.1028083028083028,0.9775999999999999,Lag-1 AC,0.9
0.57,1.0,-0.1213675213675213,0.9775999999999999,Lag-1 AC,0.9
0.59,1.0,-0.1409035409035409,0.9775999999999999,Lag-1 AC,0.9
0.61,1.0,-0.1985347985347985,0.9775999999999999,Lag-1 AC,0.9
1.0,1.0,-0.8940170940170941,0.9775999999999999,Lag-1 AC,0.9
0.0,0.0,inf,0.9775,DL bif,1.0
0.0,0.01,0.9991431811589999,0.9775,DL bif,1.0
0.0,0.74,0.49144235717,0.9775,DL bif,1.0
0.01,0.74,0.487478470714,0.9775,DL bif,1.0
0.01,0.84,0.4629046551,0.9775,DL bif,1.0
0.02,0.84,0.45429844289999993,0.9775,DL bif,1.0
0.02,0.85,0.44583359638,0.9775,DL bif,1.0
0.03,0.85,0.44565849649999995,0.9775,DL bif,1.0
0.03,0.9,0.41380134744,0.9775,DL bif,1.0
0.04,0.9,0.40719032276999995,0.9775,DL bif,1.0
0.04,0.93,0.38579250287000005,0.9775,DL bif,1.0
0.12,0.93,0.330333486,0.9775,DL bif,1.0
0.12,0.94,0.32363399484000005,0.9775,DL bif,1.0
0.16,0.94,0.2658681012,0.9775,DL bif,1.0
0.16,0.96,0.25562407344,0.9775,DL bif,1.0
0.19,0.96,0.23603311846,0.9775,DL bif,1.0
0.19,0.97,0.22429065407,0.9775,DL bif,1.0
0.28,0.97,0.1912755655,0.9775,DL bif,1.0
0.28,0.98,0.18609462053000003,0.9775,DL bif,1.0
0.42,0.98,0.13322027749999998,0.9775,DL bif,1.0
0.42,0.99,0.13184005822,0.9775,DL bif,1.0
0.53,0.99,0.10894204369999999,0.9775,DL bif,1.0
0.53,1.0,0.10891656092,0.9775,DL bif,1.0
1.0,1.0,0.02515937773,0.9775,DL bif,1.0
0.0,0.0,inf,0.7752,Variance,1.0
0.0,0.01,0.9242979242979242,0.7752,Variance,1.0
0.0,0.15,0.8114774114774115,0.7752,Variance,1.0
0.01,0.15,0.8036630036630036,0.7752,Variance,1.0
0.01,0.16,0.8031746031746031,0.7752,Variance,1.0
0.02,0.16,0.8012210012210012,0.7752,Variance,1.0
0.02,0.17,0.7914529914529914,0.7752,Variance,1.0
0.02,0.19,0.7836385836385836,0.7752,Variance,1.0
0.02,0.2,0.7797313797313797,0.7752,Variance,1.0
0.04,0.2,0.7655677655677656,0.7752,Variance,1.0
0.04,0.29,0.7367521367521367,0.7752,Variance,1.0
0.05,0.3,0.7338217338217338,0.7752,Variance,1.0
0.05,0.32,0.7274725274725274,0.7752,Variance,1.0
0.06,0.32,0.6971916971916972,0.7752,Variance,1.0
0.06,0.33,0.6796092796092796,0.7752,Variance,1.0
0.09,0.33,0.6595848595848596,0.7752,Variance,1.0
0.09,0.34,0.6468864468864468,0.7752,Variance,1.0
0.1,0.34,0.6449328449328449,0.7752,Variance,1.0
0.1,0.39,0.6229548229548229,0.7752,Variance,1.0
0.11,0.39,0.6219780219780219,0.7752,Variance,1.0
0.11,0.41,0.6102564102564102,0.7752,Variance,1.0
0.12,0.41,0.6083028083028083,0.7752,Variance,1.0
0.12,0.49,0.5531135531135531,0.7752,Variance,1.0
0.13,0.49,0.5477411477411478,0.7752,Variance,1.0
0.13,0.56,0.4627594627594627,0.7752,Variance,1.0
0.14,0.56,0.4539682539682539,0.7752,Variance,1.0
0.14,0.57,0.4466422466422466,0.7752,Variance,1.0
0.16,0.57,0.4432234432234432,0.7752,Variance,1.0
0.18,0.57,0.4319902319902319,0.7752,Variance,1.0
0.18,0.6,0.4046398046398046,0.7752,Variance,1.0
0.19,0.6,0.3973137973137973,0.7752,Variance,1.0
0.19,0.61,0.387057387057387,0.7752,Variance,1.0
0.2,0.61,0.3865689865689866,0.7752,Variance,1.0
0.2,0.62,0.3831501831501832,0.7752,Variance,1.0
0.21,0.62,0.3816849816849816,0.7752,Variance,1.0
0.21,0.65,0.3665445665445665,0.7752,Variance,1.0
0.22,0.65,0.3621489621489621,0.7752,Variance,1.0
0.22,0.69,0.3196581196581196,0.7752,Variance,1.0
0.23,0.69,0.3103785103785103,0.7752,Variance,1.0
0.23,0.71,0.2884004884004884,0.7752,Variance,1.0
0.24,0.71,0.2781440781440781,0.7752,Variance,1.0
0.24,0.72,0.2747252747252747,0.7752,Variance,1.0
0.27,0.72,0.2278388278388278,0.7752,Variance,1.0
0.27,0.75,0.1853479853479853,0.7752,Variance,1.0
0.31,0.75,0.1638583638583638,0.7752,Variance,1.0
0.31,0.77,0.1511599511599511,0.7752,Variance,1.0
0.37,0.77,0.0588522588522588,0.7752,Variance,1.0
0.37,0.78,0.0466422466422466,0.7752,Variance,1.0
0.39,0.78,0.0217338217338217,0.7752,Variance,1.0
0.39,0.8,-0.0124542124542124,0.7752,Variance,1.0
0.42,0.8,-0.0451770451770451,0.7752,Variance,1.0
0.43,0.81,-0.0529914529914529,0.7752,Variance,1.0
0.52,0.81,-0.178021978021978,0.7752,Variance,1.0
0.52,0.82,-0.199023199023199,0.7752,Variance,1.0
0.54,0.82,-0.2117216117216117,0.7752,Variance,1.0
0.54,0.83,-0.2141636141636141,0.7752,Variance,1.0
0.56,0.83,-0.221001221001221,0.7752,Variance,1.0
0.56,0.85,-0.2488400488400488,0.7752,Variance,1.0
0.59,0.85,-0.2942612942612942,0.7752,Variance,1.0
0.59,0.86,-0.2957264957264957,0.7752,Variance,1.0
0.61,0.86,-0.305006105006105,0.7752,Variance,1.0
0.61,0.89,-0.3557997557997557,0.7752,Variance,1.0
0.63,0.89,-0.3792429792429792,0.7752,Variance,1.0
0.65,0.89,-0.3963369963369963,0.7752,Variance,1.0
0.65,0.9,-0.41001221001221,0.7752,Variance,1.0
0.66,0.9,-0.4197802197802197,0.7752,Variance,1.0
0.66,0.94,-0.4744810744810744,0.7752,Variance,1.0
0.74,0.94,-0.5389499389499389,0.7752,Variance,1.0
0.74,0.95,-0.5404151404151404,0.7752,Variance,1.0
0.76,0.95,-0.5565323565323566,0.7752,Variance,1.0
0.76,0.97,-0.5794871794871794,0.7752,Variance,1.0
0.78,0.97,-0.6019536019536019,0.7752,Variance,1.0
0.78,0.98,-0.6087912087912087,0.7752,Variance,1.0
0.83,0.98,-0.6483516483516484,0.7752,Variance,1.0
0.85,0.98,-0.6551892551892552,0.7752,Variance,1.0
0.96,0.98,-0.7533577533577532,0.7752,Variance,1.0
0.96,0.99,-0.7543345543345542,0.7752,Variance,1.0
0.97,0.99,-0.7821733821733822,0.7752,Variance,1.0
0.97,1.0,-0.7919413919413919,0.7752,Variance,1.0
1.0,1.0,-0.8666666666666666,0.7752,Variance,1.0
0.0,0.0,inf,0.94435,Lag-1 AC,1.0
0.0,0.01,0.957020757020757,0.94435,Lag-1 AC,1.0
0.0,0.15,0.9223443223443224,0.94435,Lag-1 AC,1.0
0.0,0.17,0.915018315018315,0.94435,Lag-1 AC,1.0
0.0,0.45,0.8442002442002441,0.94435,Lag-1 AC,1.0
0.01,0.45,0.8432234432234431,0.94435,Lag-1 AC,1.0
0.01,0.51,0.8344322344322344,0.94435,Lag-1 AC,1.0
0.02,0.51,0.8324786324786324,0.94435,Lag-1 AC,1.0
0.02,0.58,0.7987789987789987,0.94435,Lag-1 AC,1.0
0.04,0.58,0.7938949938949939,0.94435,Lag-1 AC,1.0
0.04,0.69,0.7660561660561661,0.94435,Lag-1 AC,1.0
0.05,0.69,0.7562881562881562,0.94435,Lag-1 AC,1.0
0.05,0.72,0.7460317460317459,0.94435,Lag-1 AC,1.0
0.06,0.72,0.7308913308913308,0.94435,Lag-1 AC,1.0
0.06,0.8,0.6434676434676434,0.94435,Lag-1 AC,1.0
0.08,0.8,0.6405372405372405,0.94435,Lag-1 AC,1.0
0.08,0.83,0.6014652014652014,0.94435,Lag-1 AC,1.0
0.09,0.83,0.5736263736263736,0.94435,Lag-1 AC,1.0
0.09,0.86,0.5560439560439561,0.94435,Lag-1 AC,1.0
0.13,0.86,0.5335775335775336,0.94435,Lag-1 AC,1.0
0.13,0.87,0.5330891330891331,0.94435,Lag-1 AC,1.0
0.14,0.87,0.5199023199023198,0.94435,Lag-1 AC,1.0
0.14,0.89,0.4989010989010988,0.94435,Lag-1 AC,1.0
0.15,0.89,0.4896214896214896,0.94435,Lag-1 AC,1.0
0.17,0.89,0.4715506715506715,0.94435,Lag-1 AC,1.0
0.17,0.92,0.4363858363858363,0.94435,Lag-1 AC,1.0
0.2,0.92,0.4178266178266178,0.94435,Lag-1 AC,1.0
0.2,0.94,0.4148962148962148,0.94435,Lag-1 AC,1.0
0.21,0.94,0.4075702075702075,0.94435,Lag-1 AC,1.0
0.21,0.95,0.3943833943833943,0.94435,Lag-1 AC,1.0
0.23,0.95,0.3904761904761905,0.94435,Lag-1 AC,1.0
0.23,0.97,0.3748473748473748,0.94435,Lag-1 AC,1.0
0.32,0.97,0.2327228327228327,0.94435,Lag-1 AC,1.0
0.32,0.98,0.219047619047619,0.94435,Lag-1 AC,1.0
0.57,0.98,-0.2107448107448107,0.94435,Lag-1 AC,1.0
0.57,0.99,-0.2332112332112332,0.94435,Lag-1 AC,1.0
0.84,0.99,-0.5799755799755799,0.94435,Lag-1 AC,1.0
0.88,0.99,-0.6166056166056165,0.94435,Lag-1 AC,1.0
0.9,0.99,-0.6463980463980463,0.94435,Lag-1 AC,1.0
0.91,1.0,-0.6532356532356532,0.94435,Lag-1 AC,1.0
0.97,1.0,-0.7885225885225885,0.94435,Lag-1 AC,1.0
0.99,1.0,-0.810989010989011,0.94435,Lag-1 AC,1.0
1.0,1.0,-0.8349206349206348,0.94435,Lag-1 AC,1.0
0.0,0.0,inf,0.987,DL bif,1.1
0.0,0.01,0.9992015065400001,0.987,DL bif,1.1
0.0,0.89,0.5251291010400001,0.987,DL bif,1.1
0.01,0.89,0.501413923136,0.987,DL bif,1.1
0.01,0.91,0.50022852028,0.987,DL bif,1.1
0.04,0.91,0.49152208441,0.987,DL bif,1.1
0.04,0.93,0.48685880959600003,0.987,DL bif,1.1
0.1,0.93,0.43919378305,0.987,DL bif,1.1
0.1,0.94,0.43606059194999996,0.987,DL bif,1.1
0.12,0.94,0.43078610278999996,0.987,DL bif,1.1
0.12,0.95,0.4147481931,0.987,DL bif,1.1
0.13,0.95,0.41310848164999997,0.987,DL bif,1.1
0.13,0.96,0.40075366753999997,0.987,DL bif,1.1
0.18,0.96,0.3769847908,0.987,DL bif,1.1
0.18,0.97,0.37661848022,0.987,DL bif,1.1
0.19,0.97,0.3765069998600001,0.987,DL bif,1.1
0.19,0.98,0.36939594385,0.987,DL bif,1.1
0.24,0.98,0.32135077459999994,0.987,DL bif,1.1
0.24,1.0,0.30976103888,0.987,DL bif,1.1
1.0,1.0,0.009465538882,0.987,DL bif,1.1
0.0,0.0,inf,0.7876000000000001,Variance,1.1
0.01,0.01,0.8993894993894994,0.7876000000000001,Variance,1.1
0.01,0.14,0.8153846153846154,0.7876000000000001,Variance,1.1
0.02,0.14,0.8144078144078144,0.7876000000000001,Variance,1.1
0.02,0.17,0.8070818070818071,0.7876000000000001,Variance,1.1
0.03,0.17,0.8031746031746031,0.7876000000000001,Variance,1.1
0.03,0.24,0.7743589743589744,0.7876000000000001,Variance,1.1
0.04,0.24,0.7694749694749695,0.7876000000000001,Variance,1.1
0.04,0.27,0.7528693528693527,0.7876000000000001,Variance,1.1
0.06,0.27,0.7484737484737484,0.7876000000000001,Variance,1.1
0.06,0.28,0.7470085470085469,0.7876000000000001,Variance,1.1
0.07,0.28,0.7382173382173381,0.7876000000000001,Variance,1.1
0.07,0.29,0.7299145299145299,0.7876000000000001,Variance,1.1
0.07,0.31,0.7162393162393161,0.7876000000000001,Variance,1.1
0.08,0.31,0.7157509157509157,0.7876000000000001,Variance,1.1
0.08,0.35,0.702075702075702,0.7876000000000001,Variance,1.1
0.1,0.35,0.6962148962148962,0.7876000000000001,Variance,1.1
0.1,0.37,0.6908424908424908,0.7876000000000001,Variance,1.1
0.1,0.39,0.6903540903540903,0.7876000000000001,Variance,1.1
0.11,0.39,0.684981684981685,0.7876000000000001,Variance,1.1
0.11,0.42,0.6771672771672772,0.7876000000000001,Variance,1.1
0.12,0.44,0.6757020757020757,0.7876000000000001,Variance,1.1
0.12,0.45,0.6678876678876678,0.7876000000000001,Variance,1.1
0.14,0.45,0.663003663003663,0.7876000000000001,Variance,1.1
0.14,0.46,0.6600732600732601,0.7876000000000001,Variance,1.1
0.15,0.46,0.6537240537240537,0.7876000000000001,Variance,1.1
0.15,0.47,0.6527472527472528,0.7876000000000001,Variance,1.1
0.16,0.47,0.6429792429792429,0.7876000000000001,Variance,1.1
0.16,0.48,0.6415140415140415,0.7876000000000001,Variance,1.1
0.17,0.48,0.6239316239316238,0.7876000000000001,Variance,1.1
0.17,0.5,0.6136752136752136,0.7876000000000001,Variance,1.1
0.19,0.5,0.6126984126984126,0.7876000000000001,Variance,1.1
0.19,0.53,0.5716727716727716,0.7876000000000001,Variance,1.1
0.21,0.53,0.5648351648351648,0.7876000000000001,Variance,1.1
0.21,0.62,0.5194139194139193,0.7876000000000001,Variance,1.1
0.22,0.62,0.5159951159951159,0.7876000000000001,Variance,1.1
0.22,0.64,0.5101343101343101,0.7876000000000001,Variance,1.1
0.23,0.64,0.5081807081807082,0.7876000000000001,Variance,1.1
0.24,0.65,0.4993894993894993,0.7876000000000001,Variance,1.1
0.24,0.67,0.4935286935286935,0.7876000000000001,Variance,1.1
0.25,0.67,0.491086691086691,0.7876000000000001,Variance,1.1
0.25,0.69,0.4847374847374847,0.7876000000000001,Variance,1.1
0.27,0.69,0.4754578754578754,0.7876000000000001,Variance,1.1
0.27,0.72,0.451037851037851,0.7876000000000001,Variance,1.1
0.28,0.72,0.4388278388278387,0.7876000000000001,Variance,1.1
0.28,0.73,0.4305250305250305,0.7876000000000001,Variance,1.1
0.29,0.73,0.4197802197802197,0.7876000000000001,Variance,1.1
0.29,0.74,0.4056166056166056,0.7876000000000001,Variance,1.1
0.3,0.74,0.4036630036630036,0.7876000000000001,Variance,1.1
0.3,0.78,0.3919413919413919,0.7876000000000001,Variance,1.1
0.31,0.78,0.3807081807081807,0.7876000000000001,Variance,1.1
0.31,0.79,0.3753357753357753,0.7876000000000001,Variance,1.1
0.32,0.79,0.3709401709401709,0.7876000000000001,Variance,1.1
0.32,0.8,0.3665445665445665,0.7876000000000001,Variance,1.1
0.36,0.8,0.3396825396825397,0.7876000000000001,Variance,1.1
0.36,0.83,0.2869352869352869,0.7876000000000001,Variance,1.1
0.37,0.83,0.2849816849816849,0.7876000000000001,Variance,1.1
0.37,0.84,0.2776556776556776,0.7876000000000001,Variance,1.1
0.4,0.84,0.2532356532356532,0.7876000000000001,Variance,1.1
0.4,0.85,0.2468864468864468,0.7876000000000001,Variance,1.1
0.44,0.85,0.175091575091575,0.7876000000000001,Variance,1.1
0.44,0.86,0.1628815628815628,0.7876000000000001,Variance,1.1
0.45,0.86,0.1614163614163614,0.7876000000000001,Variance,1.1
0.45,0.88,0.1233211233211233,0.7876000000000001,Variance,1.1
0.46,0.88,0.1155067155067155,0.7876000000000001,Variance,1.1
0.46,0.91,0.0393162393162393,0.7876000000000001,Variance,1.1
0.47,0.91,0.0207570207570207,0.7876000000000001,Variance,1.1
0.47,0.92,-0.0036630036630036,0.7876000000000001,Variance,1.1
0.55,0.92,-0.092063492063492,0.7876000000000001,Variance,1.1
0.55,0.93,-0.0954822954822954,0.7876000000000001,Variance,1.1
0.7,0.93,-0.3499389499389499,0.7876000000000001,Variance,1.1
0.7,0.94,-0.3523809523809523,0.7876000000000001,Variance,1.1
0.71,0.94,-0.3582417582417582,0.7876000000000001,Variance,1.1
0.71,0.96,-0.4334554334554334,0.7876000000000001,Variance,1.1
0.72,0.96,-0.4573870573870573,0.7876000000000001,Variance,1.1
0.72,0.97,-0.4647130647130646,0.7876000000000001,Variance,1.1
0.75,0.97,-0.494017094017094,0.7876000000000001,Variance,1.1
0.75,0.98,-0.4959706959706959,0.7876000000000001,Variance,1.1
0.76,0.98,-0.4974358974358974,0.7876000000000001,Variance,1.1
0.76,0.99,-0.5262515262515262,0.7876000000000001,Variance,1.1
0.99,0.99,-0.83003663003663,0.7876000000000001,Variance,1.1
0.99,1.0,-0.8363858363858363,0.7876000000000001,Variance,1.1
1.0,1.0,-0.8881562881562881,0.7876000000000001,Variance,1.1
0.0,0.0,inf,0.89825,Lag-1 AC,1.1
0.0,0.01,0.9452991452991452,0.89825,Lag-1 AC,1.1
0.0,0.13,0.8837606837606837,0.89825,Lag-1 AC,1.1
0.0,0.15,0.8783882783882783,0.89825,Lag-1 AC,1.1
0.0,0.32,0.8495726495726496,0.89825,Lag-1 AC,1.1
0.02,0.32,0.847130647130647,0.89825,Lag-1 AC,1.1
0.02,0.37,0.8378510378510378,0.89825,Lag-1 AC,1.1
0.03,0.37,0.8358974358974358,0.89825,Lag-1 AC,1.1
0.03,0.5,0.7948717948717948,0.89825,Lag-1 AC,1.1
0.06,0.5,0.7763125763125763,0.89825,Lag-1 AC,1.1
0.06,0.53,0.7616605616605616,0.89825,Lag-1 AC,1.1
0.07,0.53,0.7523809523809523,0.89825,Lag-1 AC,1.1
0.07,0.55,0.7514041514041513,0.89825,Lag-1 AC,1.1
0.07,0.56,0.7479853479853479,0.89825,Lag-1 AC,1.1
0.08,0.57,0.7474969474969474,0.89825,Lag-1 AC,1.1
0.08,0.58,0.7470085470085469,0.89825,Lag-1 AC,1.1
0.09,0.58,0.744078144078144,0.89825,Lag-1 AC,1.1
0.09,0.59,0.7362637362637362,0.89825,Lag-1 AC,1.1
0.11,0.59,0.7299145299145299,0.89825,Lag-1 AC,1.1
0.11,0.6,0.7255189255189255,0.89825,Lag-1 AC,1.1
0.12,0.6,0.7206349206349206,0.89825,Lag-1 AC,1.1
0.12,0.62,0.7123321123321122,0.89825,Lag-1 AC,1.1
0.13,0.62,0.7108669108669108,0.89825,Lag-1 AC,1.1
0.13,0.64,0.6981684981684981,0.89825,Lag-1 AC,1.1
0.14,0.64,0.6952380952380952,0.89825,Lag-1 AC,1.1
0.14,0.67,0.6884004884004884,0.89825,Lag-1 AC,1.1
0.15,0.67,0.683028083028083,0.89825,Lag-1 AC,1.1
0.15,0.78,0.6126984126984126,0.89825,Lag-1 AC,1.1
0.16,0.78,0.600976800976801,0.89825,Lag-1 AC,1.1
0.16,0.79,0.599023199023199,0.89825,Lag-1 AC,1.1
0.18,0.79,0.5907203907203907,0.89825,Lag-1 AC,1.1
0.19,0.79,0.5887667887667888,0.89825,Lag-1 AC,1.1
0.19,0.83,0.5658119658119658,0.89825,Lag-1 AC,1.1
0.22,0.83,0.5438339438339439,0.89825,Lag-1 AC,1.1
0.22,0.85,0.5296703296703297,0.89825,Lag-1 AC,1.1
0.23,0.85,0.5291819291819291,0.89825,Lag-1 AC,1.1
0.23,0.87,0.5203907203907203,0.89825,Lag-1 AC,1.1
0.25,0.87,0.4905982905982906,0.89825,Lag-1 AC,1.1
0.25,0.88,0.4871794871794871,0.89825,Lag-1 AC,1.1
0.26,0.88,0.4769230769230769,0.89825,Lag-1 AC,1.1
0.26,0.91,0.4612942612942612,0.89825,Lag-1 AC,1.1
0.28,0.91,0.4554334554334554,0.89825,Lag-1 AC,1.1
0.28,0.92,0.4295482295482295,0.89825,Lag-1 AC,1.1
0.29,0.92,0.4202686202686202,0.89825,Lag-1 AC,1.1
0.29,0.93,0.4192918192918192,0.89825,Lag-1 AC,1.1
0.31,0.93,0.3875457875457875,0.89825,Lag-1 AC,1.1
0.31,0.94,0.3797313797313796,0.89825,Lag-1 AC,1.1
0.33,0.94,0.3445665445665445,0.89825,Lag-1 AC,1.1
0.33,0.95,0.3372405372405372,0.89825,Lag-1 AC,1.1
0.41,0.95,0.2361416361416361,0.89825,Lag-1 AC,1.1
0.41,0.96,0.2341880341880342,0.89825,Lag-1 AC,1.1
0.45,0.96,0.175091575091575,0.89825,Lag-1 AC,1.1
0.45,0.97,0.1721611721611721,0.89825,Lag-1 AC,1.1
0.48,0.97,0.1184371184371184,0.89825,Lag-1 AC,1.1
0.48,0.99,0.1115995115995116,0.89825,Lag-1 AC,1.1
0.49,0.99,0.1106227106227106,0.89825,Lag-1 AC,1.1
0.49,1.0,0.094017094017094,0.89825,Lag-1 AC,1.1
0.9,1.0,-0.6815628815628816,0.89825,Lag-1 AC,1.1
0.92,1.0,-0.6879120879120879,0.89825,Lag-1 AC,1.1
1.0,1.0,-0.8017094017094016,0.89825,Lag-1 AC,1.1
0.0,0.0,inf,0.9410000000000001,DL bif,1.2
0.0,0.01,0.9994102036190001,0.9410000000000001,DL bif,1.2
0.0,0.43,0.96273702674,0.9410000000000001,DL bif,1.2
0.01,0.43,0.9626166802799999,0.9410000000000001,DL bif,1.2
0.01,0.48,0.9532227357499999,0.9410000000000001,DL bif,1.2
0.02,0.48,0.94416141241,0.9410000000000001,DL bif,1.2
0.02,0.77,0.7685671665,0.9410000000000001,DL bif,1.2
0.03,0.77,0.76680519954,0.9410000000000001,DL bif,1.2
0.03,0.8,0.7403945834499999,0.9410000000000001,DL bif,1.2
0.05,0.8,0.69518777419,0.9410000000000001,DL bif,1.2
0.05,0.81,0.68782301405,0.9410000000000001,DL bif,1.2
0.07,0.81,0.6744937732,0.9410000000000001,DL bif,1.2
0.07,0.83,0.63862715875,0.9410000000000001,DL bif,1.2
0.08,0.83,0.6142530424100001,0.9410000000000001,DL bif,1.2
0.08,0.84,0.58672082136,0.9410000000000001,DL bif,1.2
0.12,0.84,0.5615806438000001,0.9410000000000001,DL bif,1.2
0.12,0.85,0.5477245541,0.9410000000000001,DL bif,1.2
0.14,0.85,0.5140057166,0.9410000000000001,DL bif,1.2
0.14,0.86,0.5090591606400001,0.9410000000000001,DL bif,1.2
0.21,0.86,0.45921183459,0.9410000000000001,DL bif,1.2
0.21,0.87,0.4585736646,0.9410000000000001,DL bif,1.2
0.22,0.87,0.45675133825,0.9410000000000001,DL bif,1.2
0.22,0.89,0.4556699166,0.9410000000000001,DL bif,1.2
0.24,0.89,0.45262355165999996,0.9410000000000001,DL bif,1.2
0.24,0.92,0.42891178854,0.9410000000000001,DL bif,1.2
0.25,0.92,0.41948384174000003,0.9410000000000001,DL bif,1.2
0.25,0.94,0.40097306812,0.9410000000000001,DL bif,1.2
0.32,0.94,0.35512623674,0.9410000000000001,DL bif,1.2
0.32,0.95,0.3503070818,0.9410000000000001,DL bif,1.2
0.34,0.95,0.33507547376,0.9410000000000001,DL bif,1.2
0.34,0.96,0.33215186074,0.9410000000000001,DL bif,1.2
0.36,0.96,0.30423967363,0.9410000000000001,DL bif,1.2
0.36,0.97,0.30369348947,0.9410000000000001,DL bif,1.2
0.53,0.97,0.20179946744,0.9410000000000001,DL bif,1.2
0.53,0.98,0.19409534255,0.9410000000000001,DL bif,1.2
0.6,0.98,0.16688595619000002,0.9410000000000001,DL bif,1.2
0.6,0.99,0.16239930962000002,0.9410000000000001,DL bif,1.2
0.63,0.99,0.1447035458,0.9410000000000001,DL bif,1.2
0.63,1.0,0.1396942062,0.9410000000000001,DL bif,1.2
1.0,1.0,0.020140514296,0.9410000000000001,DL bif,1.2
0.0,0.0,inf,0.74555,Variance,1.2
0.0,0.01,0.95018315018315,0.74555,Variance,1.2
0.0,0.08,0.897924297924298,0.74555,Variance,1.2
0.01,0.08,0.8935286935286936,0.74555,Variance,1.2
0.01,0.22,0.8197802197802198,0.74555,Variance,1.2
0.02,0.22,0.8158730158730159,0.74555,Variance,1.2
0.02,0.23,0.8153846153846154,0.74555,Variance,1.2
0.04,0.23,0.8051282051282052,0.74555,Variance,1.2
0.06,0.23,0.7982905982905982,0.74555,Variance,1.2
0.06,0.28,0.7567765567765566,0.74555,Variance,1.2
0.08,0.28,0.7372405372405372,0.74555,Variance,1.2
0.08,0.3,0.7191697191697192,0.74555,Variance,1.2
0.09,0.3,0.7094017094017093,0.74555,Variance,1.2
0.09,0.31,0.6898656898656899,0.74555,Variance,1.2
0.09,0.33,0.6869352869352869,0.74555,Variance,1.2
0.1,0.33,0.6854700854700855,0.74555,Variance,1.2
0.1,0.36,0.6683760683760683,0.74555,Variance,1.2
0.11,0.37,0.6659340659340659,0.74555,Variance,1.2
0.11,0.43,0.6097680097680097,0.74555,Variance,1.2
0.13,0.43,0.5970695970695971,0.74555,Variance,1.2
0.13,0.45,0.5833943833943833,0.74555,Variance,1.2
0.16,0.45,0.557997557997558,0.74555,Variance,1.2
0.16,0.47,0.5550671550671551,0.74555,Variance,1.2
0.17,0.47,0.5296703296703297,0.74555,Variance,1.2
0.17,0.5,0.5086691086691086,0.74555,Variance,1.2
0.18,0.5,0.5008547008547009,0.74555,Variance,1.2
0.18,0.51,0.4954822954822954,0.74555,Variance,1.2
0.19,0.51,0.494017094017094,0.74555,Variance,1.2
0.19,0.53,0.4871794871794871,0.74555,Variance,1.2
0.21,0.53,0.4769230769230769,0.74555,Variance,1.2
0.21,0.58,0.4412698412698412,0.74555,Variance,1.2
0.25,0.58,0.4188034188034187,0.74555,Variance,1.2
0.25,0.61,0.3987789987789987,0.74555,Variance,1.2
0.27,0.61,0.3763125763125762,0.74555,Variance,1.2
0.27,0.63,0.3733821733821733,0.74555,Variance,1.2
0.28,0.63,0.366056166056166,0.74555,Variance,1.2
0.28,0.68,0.3455433455433455,0.74555,Variance,1.2
0.3,0.68,0.305006105006105,0.74555,Variance,1.2
0.3,0.69,0.3035409035409035,0.74555,Variance,1.2
0.33,0.69,0.2908424908424908,0.74555,Variance,1.2
0.34,0.7,0.2879120879120879,0.74555,Variance,1.2
0.34,0.72,0.2522588522588522,0.74555,Variance,1.2
0.35,0.72,0.2478632478632478,0.74555,Variance,1.2
0.35,0.74,0.2053724053724053,0.74555,Variance,1.2
0.36,0.74,0.2039072039072039,0.74555,Variance,1.2
0.36,0.75,0.1716727716727716,0.74555,Variance,1.2
0.37,0.75,0.157997557997558,0.74555,Variance,1.2
0.37,0.76,0.1413919413919414,0.74555,Variance,1.2
0.4,0.76,0.0959706959706959,0.74555,Variance,1.2
0.4,0.77,0.0769230769230769,0.74555,Variance,1.2
0.41,0.77,0.0608058608058608,0.74555,Variance,1.2
0.41,0.79,0.0476190476190476,0.74555,Variance,1.2
0.44,0.79,0.0197802197802197,0.74555,Variance,1.2
0.44,0.81,-0.008058608058608,0.74555,Variance,1.2
0.46,0.81,-0.0358974358974358,0.74555,Variance,1.2
0.46,0.82,-0.0368742368742368,0.74555,Variance,1.2
0.47,0.83,-0.0525030525030525,0.74555,Variance,1.2
0.52,0.83,-0.1277167277167277,0.74555,Variance,1.2
0.52,0.84,-0.1306471306471306,0.74555,Variance,1.2
0.53,0.84,-0.1374847374847375,0.74555,Variance,1.2
0.53,0.87,-0.1404151404151404,0.74555,Variance,1.2
0.62,0.87,-0.2268620268620268,0.74555,Variance,1.2
0.62,0.88,-0.2376068376068376,0.74555,Variance,1.2
0.68,0.88,-0.3909645909645909,0.74555,Variance,1.2
0.68,0.89,-0.3958485958485958,0.74555,Variance,1.2
0.7,0.89,-0.4153846153846153,0.74555,Variance,1.2
0.7,0.9,-0.4168498168498168,0.74555,Variance,1.2
0.76,0.9,-0.4764346764346764,0.74555,Variance,1.2
0.76,0.93,-0.5477411477411478,0.74555,Variance,1.2
0.78,0.93,-0.5667887667887668,0.74555,Variance,1.2
0.78,0.94,-0.5785103785103785,0.74555,Variance,1.2
0.79,0.94,-0.5868131868131867,0.74555,Variance,1.2
0.79,0.95,-0.5985347985347985,0.74555,Variance,1.2
0.8,0.95,-0.6019536019536019,0.74555,Variance,1.2
0.8,0.96,-0.6024420024420024,0.74555,Variance,1.2
0.83,0.96,-0.6092796092796092,0.74555,Variance,1.2
0.83,0.97,-0.6097680097680097,0.74555,Variance,1.2
0.84,0.97,-0.618070818070818,0.74555,Variance,1.2
0.84,0.98,-0.6302808302808302,0.74555,Variance,1.2
0.93,0.98,-0.7157509157509157,0.74555,Variance,1.2
0.93,0.99,-0.7680097680097681,0.74555,Variance,1.2
0.97,0.99,-0.8437118437118436,0.74555,Variance,1.2
0.97,1.0,-0.8446886446886446,0.74555,Variance,1.2
1.0,1.0,-0.8661782661782661,0.74555,Variance,1.2
0.0,0.0,inf,0.80835,Lag-1 AC,1.2
0.0,0.01,0.9667887667887668,0.80835,Lag-1 AC,1.2
0.0,0.1,0.895970695970696,0.80835,Lag-1 AC,1.2
0.01,0.1,0.8945054945054945,0.80835,Lag-1 AC,1.2
0.01,0.13,0.8891330891330891,0.80835,Lag-1 AC,1.2
0.02,0.13,0.8813186813186812,0.80835,Lag-1 AC,1.2
0.02,0.23,0.8383394383394382,0.80835,Lag-1 AC,1.2
0.03,0.23,0.8334554334554334,0.80835,Lag-1 AC,1.2
0.03,0.29,0.8207570207570207,0.80835,Lag-1 AC,1.2
0.03,0.31,0.8139194139194139,0.80835,Lag-1 AC,1.2
0.03,0.33,0.7894993894993895,0.80835,Lag-1 AC,1.2
0.04,0.33,0.7831501831501831,0.80835,Lag-1 AC,1.2
0.04,0.35,0.7724053724053724,0.80835,Lag-1 AC,1.2
0.05,0.35,0.768986568986569,0.80835,Lag-1 AC,1.2
0.05,0.41,0.7504273504273503,0.80835,Lag-1 AC,1.2
0.07,0.41,0.7391941391941391,0.80835,Lag-1 AC,1.2
0.07,0.43,0.7211233211233211,0.80835,Lag-1 AC,1.2
0.08,0.43,0.7191697191697192,0.80835,Lag-1 AC,1.2
0.08,0.44,0.7177045177045177,0.80835,Lag-1 AC,1.2
0.11,0.44,0.7118437118437118,0.80835,Lag-1 AC,1.2
0.11,0.45,0.7084249084249084,0.80835,Lag-1 AC,1.2
0.11,0.47,0.6874236874236874,0.80835,Lag-1 AC,1.2
0.11,0.49,0.6796092796092796,0.80835,Lag-1 AC,1.2
0.13,0.49,0.6761904761904762,0.80835,Lag-1 AC,1.2
0.13,0.54,0.638095238095238,0.80835,Lag-1 AC,1.2
0.14,0.54,0.6175824175824175,0.80835,Lag-1 AC,1.2
0.14,0.57,0.6019536019536019,0.80835,Lag-1 AC,1.2
0.15,0.57,0.5951159951159951,0.80835,Lag-1 AC,1.2
0.15,0.58,0.5877899877899878,0.80835,Lag-1 AC,1.2
0.16,0.58,0.5726495726495726,0.80835,Lag-1 AC,1.2
0.16,0.59,0.5594627594627595,0.80835,Lag-1 AC,1.2
0.18,0.59,0.5501831501831502,0.80835,Lag-1 AC,1.2
0.18,0.62,0.5448107448107449,0.80835,Lag-1 AC,1.2
0.19,0.62,0.5428571428571428,0.80835,Lag-1 AC,1.2
0.2,0.63,0.5316239316239316,0.80835,Lag-1 AC,1.2
0.2,0.64,0.5277167277167276,0.80835,Lag-1 AC,1.2
0.22,0.64,0.4998778998778998,0.80835,Lag-1 AC,1.2
0.22,0.65,0.4974358974358974,0.80835,Lag-1 AC,1.2
0.24,0.65,0.4886446886446886,0.80835,Lag-1 AC,1.2
0.24,0.67,0.4769230769230769,0.80835,Lag-1 AC,1.2
0.25,0.67,0.4666666666666666,0.80835,Lag-1 AC,1.2
0.25,0.68,0.4656898656898656,0.80835,Lag-1 AC,1.2
0.26,0.68,0.4505494505494505,0.80835,Lag-1 AC,1.2
0.26,0.71,0.4168498168498168,0.80835,Lag-1 AC,1.2
0.27,0.71,0.3919413919413919,0.80835,Lag-1 AC,1.2
0.27,0.73,0.3655677655677655,0.80835,Lag-1 AC,1.2
0.29,0.73,0.3562881562881562,0.80835,Lag-1 AC,1.2
0.29,0.74,0.3509157509157509,0.80835,Lag-1 AC,1.2
0.3,0.74,0.3299145299145299,0.80835,Lag-1 AC,1.2
0.3,0.75,0.3113553113553113,0.80835,Lag-1 AC,1.2
0.32,0.75,0.2815628815628815,0.80835,Lag-1 AC,1.2
0.32,0.8,0.2048840048840048,0.80835,Lag-1 AC,1.2
0.33,0.8,0.1999999999999999,0.80835,Lag-1 AC,1.2
0.33,0.81,0.1916971916971917,0.80835,Lag-1 AC,1.2
0.37,0.81,0.1746031746031746,0.80835,Lag-1 AC,1.2
0.37,0.82,0.1687423687423687,0.80835,Lag-1 AC,1.2
0.38,0.82,0.156043956043956,0.80835,Lag-1 AC,1.2
0.38,0.83,0.1443223443223443,0.80835,Lag-1 AC,1.2
0.42,0.83,0.091086691086691,0.80835,Lag-1 AC,1.2
0.42,0.84,0.0901098901098901,0.80835,Lag-1 AC,1.2
0.44,0.84,0.0632478632478632,0.80835,Lag-1 AC,1.2
0.44,0.85,0.0603174603174603,0.80835,Lag-1 AC,1.2
0.45,0.85,0.0451770451770451,0.80835,Lag-1 AC,1.2
0.45,0.86,0.0251526251526251,0.80835,Lag-1 AC,1.2
0.46,0.86,0.0197802197802197,0.80835,Lag-1 AC,1.2
0.46,0.87,-0.0158730158730158,0.80835,Lag-1 AC,1.2
0.48,0.87,-0.0275946275946275,0.80835,Lag-1 AC,1.2
0.48,0.88,-0.031013431013431,0.80835,Lag-1 AC,1.2
0.49,0.88,-0.0358974358974358,0.80835,Lag-1 AC,1.2
0.49,0.89,-0.0412698412698412,0.80835,Lag-1 AC,1.2
0.5,0.89,-0.0466422466422466,0.80835,Lag-1 AC,1.2
0.52,0.89,-0.0852258852258852,0.80835,Lag-1 AC,1.2
0.52,0.9,-0.0993894993894993,0.80835,Lag-1 AC,1.2
0.54,0.9,-0.1452991452991452,0.80835,Lag-1 AC,1.2
0.56,0.9,-0.1526251526251526,0.80835,Lag-1 AC,1.2
0.57,0.9,-0.1658119658119658,0.80835,Lag-1 AC,1.2
0.57,0.91,-0.1663003663003663,0.80835,Lag-1 AC,1.2
0.58,0.91,-0.1829059829059829,0.80835,Lag-1 AC,1.2
0.58,0.93,-0.2307692307692307,0.80835,Lag-1 AC,1.2
0.59,0.93,-0.2688644688644688,0.80835,Lag-1 AC,1.2
0.59,0.94,-0.2698412698412698,0.80835,Lag-1 AC,1.2
0.62,0.94,-0.3347985347985348,0.80835,Lag-1 AC,1.2
0.62,0.96,-0.3665445665445665,0.80835,Lag-1 AC,1.2
0.63,0.96,-0.3826617826617827,0.80835,Lag-1 AC,1.2
0.63,0.98,-0.3919413919413919,0.80835,Lag-1 AC,1.2
0.77,0.98,-0.5174603174603174,0.80835,Lag-1 AC,1.2
0.77,0.99,-0.5272283272283271,0.80835,Lag-1 AC,1.2
0.78,0.99,-0.5316239316239316,0.80835,Lag-1 AC,1.2
0.78,1.0,-0.5609279609279609,0.80835,Lag-1 AC,1.2
1.0,1.0,-0.8652014652014651,0.80835,Lag-1 AC,1.2
